Row ID,Order ID,Order Date,Time order,Completion time,Ship Mode,Driver ID,Driver Name,Drive Sex,Customer ID,Customer Name,Current province,Current district,Current ward-commune,Current street,Province to,District to,Ward-Commune to,Street to,Sale,The driver received,Profit,
1,HN-2021-000001,8/11/2020,15:21:00,16:40,Moto,M-0001,Pham Duy Duc,Male,NVA-0001,Nguyen Van An,Ha Noi,Cau Giay,Quan Hoa,Nguyen Khanh Toan,Ha Noi,Hoang Mai,Linh Nam,Linh Nam,50000,35000,10000,
2,HCM-2022-000001,8/11/2021,07:52:00,08:40,car,C-0001,Nguyen Cong Dung,Male,CVI-0001,Cao Vi Hoa,Hung Yen,An Thi,Ho Tung Mau,200,Hung Yen,Khoai Chau,My Hao,Nguyen Binh,62000,40000,17000,
3,HY-2021-000001,11/27/2021,20:07:00,23:12:00,Moto,M-0002,Vu Duc Nhan,Male,LHG-0001,Le Hong Gam,Ho Chi Minh,Quan 1,Ben Thanh,Truong Dinh,Ho Chi Minh,Quan 2,Binh Truong Dong,Vo chi Cong,36000,27000,9000,
4,HN-2021-000001,11/27/2020,20:07:00,23:12:00,Moto,M-0002,Vu Duc Nhan,Male,LHG-0001,Le Hong Gam,Ho Chi Minh,Quan 1,Ben Thanh,Truong Dinh,Ho Chi Minh,Quan 2,Binh Truong Dong,Vo chi Cong,36000,27000,9000,
5,HN-2021-000002,10/28/2020,07:30:00,07:40:00,Moto ,CG-12520,Ahmed Elmohamady,Male,CG-12520,Claire Gute,Ha Noi,Cau Giay,Mai Dich,Nguyen Kha Trac,Ha Noi,Nam tu liem,??i M? ,???ng Miêu Nha ,40000,15000,25000,
6,HN-2021-000003,12/29/2021,08:00:00,08:20:00,Moto,CG-12520,Ahmed Fathy,Male,CG-12520,Claire Gute,Ha Noi,Nam tu Liem,Trung V?n ,Ngõ 8 Phùng Khoang ,Ha Noi,Cau Giay,Mai Dich,Doan ke Thien,40000,15000,25000,
7,HN-2021-000004,9/10/2020,08:30:00,08:40:00,Moto,DV-13045,Ahmed Hegazi,Male,DV-13045,Darrin Van Huff,Ha Noi,Cau Giay,Hoang mai,Nguyen Hoang,Ha Noi,Nam Tu Liem,Phuong canh,Trinh Van Bo,100000,50000,50000,
8,HN-2021-000005,10/2/2020,09:00:00,09:10:00,Moto,SO-20335,Ali Gabr,Male,SO-20335,Sean O'Donnell,Ha Noi,Cau Giay,Mai Dich,Pham Van Dong,Ha Noi,Nam tu Liem,Phuong Canh,Trinh Van Bo,200000,100000,100000,
9,HN-2021-000006,10/2/2021,09:20:00,09:40:00,Moto ,SO-20335,Ayman Ashraf,Male,SO-20335,Sean O'Donnell,Ha Noi,Cau Giay,B??i,Hoàng Qu?c Vi?t,Ha Noi,Nam tu liem,Xuan Phuong,???ng C?u Di?n,40000,15000,25000,
10,HN-2021-000007,9/11/2021,09:50:00,10:10:00,Moto,BH-11710,Mahmoud Hamdy,Male,BH-11710,Brosina Hoffman,Ha Noi,Nam tu Liem,Xuan Phuong,???ng C?u Di?n ,Ha Noi,Cau Giay,Mai Dich,Doan ke Thien,40000,15000,25000,
11,HN-2021-000008,9/11/2021,10:13:00,10:20:00,Moto,BH-11710,Mohamed Abdel-Shafy,Male,BH-11710,Brosina Hoffman,Ha Noi,Cau Giay,Khu?t Duy Ti?n,Khu?t Duy Ti?n,Ha Noi,Nam Tu Liem, ??c D?c ,???ng ?? ??c D?c,50000,25000,25000,
12,HN-2021-000009,9/11/2021,10:30:00,10:50:00,Moto,BH-11710,Omar Gaber,Male,BH-11710,Brosina Hoffman,Ha Noi,Cau Giay,Mai Dich,Tr?n V?,Ha Noi,Nam tu Liem,Phuong Canh,Trinh Van Bo,60000,30000,20000,
13,HN-2021-000010,6/2/2020,11:20:00,11:30:00,car,BH-11710,Saad Samir,Male,BH-11710,Brosina Hoffman,Ha Noi,Cau Giay,D?ch V?ng,Lê ??c Th?,Ha Noi,Cau Giay,B??i,Hoàng Qu?c Vi?t,70000,15000,25000,
14,HN-2021-000011,6/2/2020,11:33:00,11:46:00,car,BH-11710,Marwan Mohsen,Male,BH-11710,Brosina Hoffman,Ha Noi,Nam tu Liem,D??ng Khuê,Trung Hòa,Ha Noi,Nam tu Liem,Xuan Phuong,???ng C?u Di?n ,80000,15000,25000,
15,HN-2021-000012,6/2/2021,13:10:00,13:20:00,car,BH-11710,Mohamed Salah,Male,BH-11710,Brosina Hoffman,Ha Noi,Cau Giay,D?ch V?ng H?u,Nguy?n Xuân Linh,Ha Noi,Cau Giay,B??i,Hoàng Qu?c Vi?t,90000,20000,50000,
16,HN-2021-000013,10/15/2021,13:30:00,13:40:00,Moto,BH-11710,Essam El-Hadary (captain),Male,BH-11710,Brosina Hoffman,Ha Noi,Cau Giay,D?ch V?ng H?u,Tr?n Qu?c V??ng,Ha Noi,Nam tu Liem,Xuan Phuong,???ng C?u Di?n ,100000,40000,50000,
17,HN-2021-000014,9/27/2020,13:50:00,14:08:00,Moto ,AA-10480,Mohamed El-Shenawy,Male,AA-10480,Andrew Allen,Ha Noi,Cau Giay,Duy Tân,Nguy?n Chánh,Ha Noi,Nam tu liem,Xuan Phuong,Trinh Van Bo,110000,15000,25000,
18,HN-2021-000015,9/27/2021,14:10:00,14:22:00,Moto,IM-15070,Sherif Ekramy,Male,IM-15070,Irene Maddox,Ha Noi,Nam tu Liem,Duy Tân,Phùng Chí Kiên,Ha Noi,Cau Giay,Mai Dich,Doan ke Thien,120000,50000,50000,
19,HN-2021-000016,5/3/2020,14:25:00,14:40:00,Moto,HP-14815,Abdallah Said,Male,HP-14815,Harold Pawlan,Ha Noi,Cau Giay,Chùa Hà,Nguy?n Th? Du?,Ha Noi,Nam Tu Liem, C??ng Kiên,???ng C??ng Kiên ,70000,20000,50000,
20,HN-2021-000017,5/3/2020,15:00:00,15:12:00,Moto,HP-14815,Amr Warda,Male,HP-14815,Harold Pawlan,Ha Noi,Cau Giay,Mai Dich,Pham Van Dong,Ha Noi,Nam tu Liem,M? Trì,???ng H? M? Trì,80000,30000,49000,
21,HN-2021-000018,5/3/2020,15:20:00,15:30:00,Moto ,PK-19075,Kahraba,Male,PK-19075,Pete Kriz,Ha Noi,Cau Giay,Hoa B?ng,Nguy?n Khang,Ha Noi,Nam tu liem,?? ?ình Thi?n,???ng ?? ?ình Thi?n,90000,20000,50000,
22,HN-2021-000019,5/3/2020,15:40:00,15:50:00,car,AG-10270,Mohamed Elneny,Male,AG-10270,Alejandro Grove,Ha Noi,Nam tu Liem,Xuan Phuong,Trinh Van Bo,Ha Noi,Cau Giay,Tùng M?u,H? Tùng M?u,100000,40000,50000,
23,HN-2021-000020,1/9/2021,16:10:00,16:20:00,Moto,ZD-21925,Ramadan Sobhi,Male,ZD-21925,Zuschuss Donatelli,Ha Noi,B?c T? Liêm,C? Nhu?,"???ng C?u Th?ng
Long",Ha Noi,Nam Tu Liem,Phuong canh,Trinh Van Bo,110000,50000,50000,
24,HN-2021-000021,1/27/2021,16:32:00,16:45:00,Moto,ZD-21925,Sam Morsy,Male,ZD-21925,Zuschuss Donatelli,Ha Noi,B?c T? Liêm,Phúc Di?n,???ng CN 4,Ha Noi,B?c T? Liêm,Tây T?u,???ng CN 6,120000,50000,50000,
25,HN-2021-000022,9/2/2020,17:00:00,17:10:00,Moto ,ZD-21925,Shikabala,Male,ZD-21925,Zuschuss Donatelli,Ha Noi,Cau Giay,Mai Dich,Nguyen Kha Trac,Ha Noi,Nam tu liem,Xuan Phuong,Trinh Van Bo,140000,30000,70000,
26,HN-2021-000023,7/14/2021,17:20:00,17:30:00,Moto ,KB-16585,Tarek Hamed,Male,KB-16585,Ken Black,Ha Noi,B?c T? Liêm,C? Nhu?,???ng C? Nhu?,Ha Noi,C?u Gi?y,D?ch V?ng H?u ,???ng ?ông Quan,20000,10000,10000,
27,HN-2021-000024,7/14/2021,17:34:00,17:47:00,car,KB-16585,Trézéguet,Male,KB-16585,Ken Black,Ha Noi,C?u Gi?y,D?ch V?ng H?u ,???ng ?ông Quan,Ha Noi,C?u Gi?y,T? Liêm,Khu ?ô th? Yên Hòa,40000,15000,25000,
28,HN-2021-000025,7/14/2021,18:10:00,18:20:00,car,SF-20065,Andrei Semyonov,Male,SF-20065,Sandra Flanagan,Ha Noi,Cau Giay,Trung Hòa ,???ng Trung Hòa,Ha Noi,B?c T? Liêm,Xuân ??nh,401 Xuân ??nh ,100000,50000,50000,
29,HN-2021-000026,2/24/2020,18:30:00,18:40:00,car,EB-13870,Fyodor Kudryashov,Male,EB-13870,Emily Burns,Ha Noi,Cau Giay,Mai Dich,Pham Van Dong,Ha Noi,Nam tu Liem,Phuong Canh,Trinh Van Bo,200000,100000,100000,
30,HN-2021-000027,2/24/2020,18:50:00,19:00:00,Moto ,EH-13945,Igor Smolnikov,Male,EH-13945,Eric Hoffmann,Ha Noi,Cau Giay,Mai Dich,Nguyen Kha Trac,Ha Noi,B?c T? Liêm,Minh Khai,???ng Phú Ki?u,40000,15000,25000,
31,HN-2021-000028,7/20/2021,19:10:00,19:25:00,Moto,EH-13945,Ilya Kutepov,Male,EH-13945,Eric Hoffmann,Ha Noi,Nam tu Liem,Tây M?,???ng Tây M?,Ha Noi,Nam tu Liem,M? Trì,???ng M? Trì,40000,15000,25000,
32,HN-2021-000029,7/20/2021,19:30:00,19:50:00,Moto,TB-21520,Mário Fernandes,Male,TB-21520,Tracy Blumstein,Ha Noi,Cau Giay,Nam Trung Yên,???ng B5,Ha Noi,B?c T? Liêm,??c Th?ng ,Ph? Tân Phong,100000,50000,50000,
33,HN-2021-000030,3/13/2020,20:00:00,20:10:00,car,TB-21520,Sergei Ignashevich,Male,TB-21520,Tracy Blumstein,Ha Noi,Nam tu Liem,M? ?ình,"Khu ?ô th? M? ?ình 2
",Ha Noi,Nam tu Liem,M? ?ình,Khu ?ô th? M? ?ình 1,200000,100000,100000,
34,HN-2021-000031,3/13/2020,20:30:00,20:47:00,Moto ,TB-21520,Vladimir Granat,Male,TB-21520,Tracy Blumstein,Ha Noi,Cau Giay,Mai Dich,Ph? Mai D?ch,Ha Noi,B?c T? Liêm,Xuân ??nh,Ngõ 486 Xuân ??nh,40000,15000,20000,
35,HN-2021-000032,3/13/2020,20:57:00,21:08:00,Car ,TB-21520,Aleksei Miranchuk,Male,TB-21520,Tracy Blumstein,Ha Noi,Nam tu Liem,M? ?ình 2,K?T M? ?ình,Ha Noi,Cau Giay,D?ch V?ng  ,Khu ?ô th? D?ch V?ng ,40000,15000,20000,
36,HN-2021-000033,3/8/2021,07:30:00,07:40:00,Moto ,TB-21520,Artem Dzyuba,Male,TB-21520,Tracy Blumstein,Ha Noi,Nam tu liem,??i M? ,???ng Miêu Nha ,Ha Noi,Cau Giay,Nam Trung Yên,???ng B5,50000,50000,50000,
37,HN-2021-000034,3/8/2021,08:00:00,08:20:00,Moto,TB-21520,Fyodor Smolov,Male,TB-21520,Tracy Blumstein,Ha Noi,Cau Giay,Mai Dich,Doan ke Thien,Ha Noi,Nam tu Liem,M? ?ình,"Khu ?ô th? M? ?ình 2
",60000,20000,30000,
38,HN-2021-000035,3/8/2021,08:30:00,08:40:00,Moto,TB-21520,Andrey Lunyov,Male,TB-21520,Tracy Blumstein,Ha Noi,Nam Tu Liem,Phuong canh,Trinh Van Bo,Ha Noi,Cau Giay,Mai Dich,Ph? Mai D?ch,70000,15000,25000,
39,HN-2021-000036,12/7/2020,09:00:00,09:10:00,Moto ,MA-17560,Igor Akinfeev (captain),N?,MA-17560,Matt Abelman,Ha Noi,Nam tu Liem,Xuan Phuong,Trinh Van Bo,Ha Noi,Cau Giay,Mai Dich,Doan ke Thien,80000,15000,25000,
40,HN-2021-000037,7/10/2021,09:20:00,09:40:00,Moto,GH-14485,Vladimir Gabulov,N?,GH-14485,Gene Hale,Ha Noi,Cau Giay,Hoang mai,Nguyen Hoang,Ha Noi,Cau Giay,D?ch V?ng H?u,Tr?n Qu?c V??ng,90000,40000,50000,
41,HN-2021-000038,12/24/2021,09:50:00,10:10:00,car,GH-14485,Alan Dzagoev,Male,GH-14485,Gene Hale,Ha Noi,Cau Giay,B??i,Hoàng Qu?c Vi?t,Ha Noi,Cau Giay,Duy Tân,Nguy?n Chánh,200000,100000,100000,
42,HN-2021-000039,12/24/2021,10:13:00,10:20:00,car,SN-20710,Aleksandr Golovin,Male,SN-20710,Steve Nguyen,Ha Noi,Nam tu Liem,Xuan Phuong,???ng C?u Di?n ,Ha Noi,Nam tu Liem,Duy Tân,Phùng Chí Kiên,40000,14000,25000,
43,HN-2021-000040,4/23/2021,10:30:00,10:50:00,car,SN-20710,Aleksandr Samedov,Male,SN-20710,Steve Nguyen,Ha Noi,Cau Giay,B??i,Hoàng Qu?c Vi?t,Ha Noi,Cau Giay,Chùa Hà,Nguy?n Th? Du?,40000,13000,25000,
44,HN-2021-000041,4/23/2021,11:20:00,11:30:00,Moto,SN-20710,Aleksandr Yerokhin,Male,SN-20710,Steve Nguyen,Ha Noi,Nam tu Liem,Xuan Phuong,???ng C?u Di?n ,Ha Noi,Cau Giay,Mai Dich,Pham Van Dong,40000,11000,25000,
45,HN-2021-000042,4/23/2021,11:33:00,11:46:00,Moto,SN-20710,Anton Miranchuk,Male,SN-20710,Steve Nguyen,Ha Noi,Nam tu liem,Xuan Phuong,Trinh Van Bo,Ha Noi,Cau Giay,Hoa B?ng,Nguy?n Khang,40000,15000,25000,
46,HN-2021-000043,4/23/2021,13:10:00,13:20:00,Moto,LC-16930,Daler Kuzyayev,Male,LC-16930,Linda Cazamias,Ha Noi,Cau Giay,Mai Dich,Doan ke Thien,Ha Noi,Nam tu liem,Xuan Phuong,Trinh Van Bo,50000,25000,25000,
47,HN-2021-000044,4/23/2021,13:30:00,13:40:00,car,RA-19885,Denis Cheryshev,Male,RA-19885,Ruben Ausman,Ha Noi,Nam Tu Liem, C??ng Kiên,???ng C??ng Kiên ,Ha Noi,C?u Gi?y,D?ch V?ng H?u ,???ng ?ông Quan,60000,20000,40000,
48,HN-2021-000045,4/23/2021,13:50:00,14:08:00,Moto,ES-14080,Roman Zobnin,Male,ES-14080,Erin Smith,Ha Noi,Cau Giay,Mai Dich,Nguyen Kha Trac,Ha Noi,C?u Gi?y,T? Liêm,Khu ?ô th? Yên Hòa,70000,15000,25000,
49,HN-2021-000046,3/3/2021,14:10:00,14:22:00,Moto,ON-18715,Yuri Zhirkov,Male,ON-18715,Odella Nelson,Ha Noi,Nam tu Liem,Xuan Phuong,???ng C?u Di?n ,Ha Noi,B?c T? Liêm,Xuân ??nh,401 Xuân ??nh ,80000,15000,25000,
50,HN-2021-000047,3/3/2021,14:25:00,14:40:00,car,ON-18715,Yury Gazinsky,Male,ON-18715,Odella Nelson,Ha Noi,Nam tu liem,Xuan Phuong,Trinh Van Bo,Ha Noi,Nam tu Liem,Phuong Canh,Trinh Van Bo,90000,20000,50000,
51,HN-2021-000048,3/3/2021,15:00:00,15:12:00,car,PO-18865,Ali Al Bulaihi,Male,PO-18865,Patrick O'Donnell,Ha Noi,Cau Giay,Mai Dich,Doan ke Thien,Ha Noi,B?c T? Liêm,Minh Khai,???ng Phú Ki?u,100000,30000,60000,
52,HN-2021-000049,6/4/2020,15:20:00,15:30:00,Moto,LH-16900,Mansoor Al-Harbi,Male,LH-16900,Lena Hernandez,Ha Noi,Nam Tu Liem, C??ng Kiên,???ng C??ng Kiên ,Ha Noi,Nam tu Liem,M? Trì,???ng M? Trì,110000,15000,25000,
53,HN-2021-000050,6/4/2020,15:40:00,15:50:00,Moto,LH-16900,Mohammed Al-Breik,Female,LH-16900,Lena Hernandez,Ha Noi,Nam tu Liem,M? Trì,???ng H? M? Trì,Ha Noi,B?c T? Liêm,??c Th?ng ,Ph? Tân Phong,120000,15000,25000,
54,HN-2021-000051,8/27/2021,16:10:00,16:20:00,car,DP-13000,Motaz Hawsawi,Female,DP-13000,Darren Powers,Ha Noi,Nam tu liem,?? ?ình Thi?n,???ng ?? ?ình Thi?n,Ha Noi,Nam Tu Liem,Phuong canh,Trinh Van Bo,140000,50000,50000,
55,HN-2021-000052,9/12/2020,16:32:00,16:45:00,Moto,DP-13000,Omar Hawsawi,Male,DP-13000,Darren Powers,Ha Noi,Cau Giay,Tùng M?u,H? Tùng M?u,Ha Noi,B?c T? Liêm,Tây T?u,???ng CN 6,140000,20000,100000,
56,HN-2021-000053,5/30/2021,17:00:00,17:10:00,car,DP-13000,Osama Hawsawi (captain),Male,DP-13000,Darren Powers,Ha Noi,Nam Tu Liem, ??c D?c ,???ng ?? ??c D?c,Ha Noi,Nam tu liem,Xuan Phuong,Trinh Van Bo,20000,15000,5000,
57,HN-2021-000054,5/30/2021,17:20:00,17:30:00,Moto,DP-13000,Yasser Al-Shahrani,Male,DP-13000,Darren Powers,Ha Noi,Nam tu Liem,Phuong Canh,Trinh Van Bo,Ha Noi,C?u Gi?y,D?ch V?ng H?u ,???ng ?ông Quan,30000,15000,10000,
58,HN-2021-000055,5/30/2021,17:34:00,17:47:00,Moto,JM-15265,Fahad Al-Muwallad,Male,JM-15265,Janet Molinari,Ha Noi,Cau Giay,B??i,Hoàng Qu?c Vi?t,Ha Noi,C?u Gi?y,T? Liêm,Khu ?ô th? Yên Hòa,40000,20000,20000,
59,HN-2021-000056,5/30/2021,18:10:00,18:20:00,Moto,JM-15265,Mohammad Al-Sahlawi,Male,JM-15265,Janet Molinari,Ha Noi,Nam tu Liem,Xuan Phuong,???ng C?u Di?n ,Ha Noi,B?c T? Liêm,Xuân ??nh,401 Xuân ??nh ,50000,20000,25000,
60,HN-2021-000057,5/30/2021,18:30:00,18:40:00,Moto,TB-21055,Muhannad Assiri,Male,TB-21055,Ted Butterfield,Ha Noi,Cau Giay,B??i,Hoàng Qu?c Vi?t,Ha Noi,Nam tu Liem,Phuong Canh,Trinh Van Bo,60000,15000,25000,
61,HN-2021-000058,5/30/2021,18:50:00,19:00:00,Moto ,TB-21055,Abdullah Al-Mayouf,Male,TB-21055,Ted Butterfield,Ha Noi,Nam tu Liem,Xuan Phuong,???ng C?u Di?n ,Ha Noi,B?c T? Liêm,Minh Khai,???ng Phú Ki?u,70000,15000,25000,
62,HN-2021-000059,5/30/2021,19:10:00,19:25:00,Moto,TB-21055,Mohammed Al-Owais,Female,TB-21055,Ted Butterfield,Ha Noi,Nam tu liem,Xuan Phuong,Trinh Van Bo,Ha Noi,Nam tu Liem,Xuan Phuong,???ng C?u Di?n ,80000,20000,30000,
63,HN-2021-000060,5/30/2021,19:30:00,19:50:00,Moto,TB-21055,Yasser Al Mosailem,Male,TB-21055,Ted Butterfield,Ha Noi,Cau Giay,Mai Dich,Doan ke Thien,Ha Noi,Cau Giay,Khu?t Duy Ti?n,Khu?t Duy Ti?n,40000,15000,25000,
64,HN-2021-000061,6/10/2020,20:00:00,20:10:00,car,TB-21055,Abdullah Al-Khaibari,Male,TB-21055,Ted Butterfield,Ha Noi,Nam Tu Liem, C??ng Kiên,???ng C??ng Kiên ,Ha Noi,Cau Giay,Mai Dich,Tr?n V?,100000,50000,50000,
65,HN-2021-000062,10/22/2021,20:30:00,20:47:00,car,TB-21055,Abdullah Otayf,Male,TB-21055,Ted Butterfield,Ha Noi,Nam tu Liem,M? Trì,???ng H? M? Trì,Ha Noi,Cau Giay,D?ch V?ng,Lê ??c Th?,70000,20000,45000,
66,HN-2021-000063,10/22/2021,20:57:00,21:08:00,car,TB-21055,Abdulmalek Al-Khaibri,Male,TB-21055,Ted Butterfield,Ha Noi,Nam tu liem,?? ?ình Thi?n,???ng ?? ?ình Thi?n,Ha Noi,Nam tu Liem,D??ng Khuê,Trung Hòa,80000,15000,25000,
67,HN-2021-000064,6/13/2020,07:30:00,07:40:00,Moto ,KM-16720,Hattan Bahebri,Male,KM-16720,Kunst Miller,Ha Noi,Cau Giay,Tùng M?u,H? Tùng M?u,Ha Noi,Cau Giay,Mai Dich,Doan ke Thien,90000,15000,25000,
68,HN-2021-000065,11/23/2020,08:00:00,08:20:00,Moto,KM-16720,Housain Al-Mogahwi,Male,KM-16720,Kunst Miller,Ha Noi,C?u Gi?y,D?ch V?ng H?u ,???ng ?ông Quan,Ha Noi,Cau Giay,Chùa Hà,Nguy?n Th? Du?,100000,50000,50000,
69,HN-2021-000066,8/16/2021,08:30:00,08:40:00,Moto,KM-16720,Mohamed Kanno,Male,KM-16720,Kunst Miller,Ha Noi,C?u Gi?y,T? Liêm,Khu ?ô th? Yên Hòa,Ha Noi,Cau Giay,Mai Dich,Pham Van Dong,50000,10000,10000,
70,HN-2021-000067,8/16/2021,09:00:00,09:10:00,Moto,KM-16720,Salem Al-Dawsari,N?,KM-16720,Kunst Miller,Ha Noi,B?c T? Liêm,Xuân ??nh,401 Xuân ??nh ,Ha Noi,Cau Giay,Hoa B?ng,Nguy?n Khang,60000,30000,25000,
71,HN-2021-000068,1/14/2020,09:20:00,09:40:00,Moto ,PS-18970,Salman Al-Faraj,Male,PS-18970,Paul Stevenson,Ha Noi,Nam tu Liem,Phuong Canh,Trinh Van Bo,Ha Noi,Nam tu liem,Xuan Phuong,Trinh Van Bo,70000,20000,25000,
72,HN-2021-000069,1/14/2020,09:50:00,10:10:00,Moto ,BS-11590,Taisir Al-Jassim,Male,BS-11590,Brendan Sweed,Ha Noi,B?c T? Liêm,Minh Khai,???ng Phú Ki?u,Ha Noi,C?u Gi?y,D?ch V?ng H?u ,???ng ?ông Quan,80000,30000,50000,
73,HN-2021-000070,9/16/2021,10:13:00,10:20:00,car,BS-11590,Yahya Al-Shehri,Female,BS-11590,Brendan Sweed,Ha Noi,Nam tu Liem,M? Trì,???ng M? Trì,Ha Noi,C?u Gi?y,T? Liêm,Khu ?ô th? Yên Hòa,200000,100000,100000,
74,HN-2021-000071,9/16/2021,10:30:00,10:50:00,car,KD-16270,Diego Godín (captain),Male,KD-16270,Karen Daniels,Ha Noi,Cau Giay,Nam Trung Yên,???ng B5,Ha Noi,Nam tu Liem,Phuong Canh,Trinh Van Bo,50000,15000,25000,
75,HN-2021-000072,10/10/2020,11:20:00,11:30:00,car,HM-14980,Gastón Silva,Male,HM-14980,Henry MacAllister,Ha Noi,Nam tu Liem,M? ?ình,"Khu ?ô th? M? ?ình 2
",Ha Noi,Cau Giay,B??i,Hoàng Qu?c Vi?t,60000,15000,25000,
76,HN-2021-000073,10/10/2020,11:33:00,11:46:00,Moto ,TB-21520,Guillermo Varela,Male,TB-21520,Tracy Blumstein,Ha Noi,Cau Giay,Mai Dich,Ph? Mai D?ch,Ha Noi,Nam tu Liem,Xuan Phuong,???ng C?u Di?n ,90000,40000,50000,
77,HN-2021-000074,11/13/2021,13:10:00,13:20:00,Moto,JE-15745,José Giménez,Male,JE-15745,Joel Eaton,Ha Noi,Cau Giay,Mai Dich,Doan ke Thien,Ha Noi,Cau Giay,B??i,Hoàng Qu?c Vi?t,100000,30000,70000,
78,HN-2021-000075,11/13/2021,13:30:00,13:40:00,Moto,JE-15745,Martín Cáceres,Male,JE-15745,Joel Eaton,Ha Noi,Cau Giay,D?ch V?ng H?u,Tr?n Qu?c V??ng,Ha Noi,Nam tu Liem,Xuan Phuong,???ng C?u Di?n ,110000,40000,50000,
79,HN-2021-000076,11/2/2020,13:50:00,14:08:00,car,JE-15745,Maxi Pereira,Male,JE-15745,Joel Eaton,Ha Noi,Cau Giay,Duy Tân,Nguy?n Chánh,Ha Noi,Nam tu liem,Xuan Phuong,Trinh Van Bo,120000,50000,70000,
80,HN-2021-000077,7/19/2021,14:10:00,14:22:00,Moto ,KB-16600,Sebastián Coates,Female,KB-16600,Ken Brennan,Ha Noi,Nam tu Liem,Duy Tân,Phùng Chí Kiên,Ha Noi,Cau Giay,Mai Dich,Doan ke Thien,140000,50000,70000,
81,HN-2021-000078,7/19/2021,14:25:00,14:40:00,Moto ,KB-16600,Cristhian Stuani,Male,KB-16600,Ken Brennan,Ha Noi,Cau Giay,Chùa Hà,Nguy?n Th? Du?,Ha Noi,Nam Tu Liem, C??ng Kiên,???ng C??ng Kiên ,40000,15000,25000,
82,HN-2021-000079,5/14/2020,15:00:00,15:12:00,Moto,KB-16600,Edinson Cavani,Male,KB-16600,Ken Brennan,Ha Noi,Nam Tu Liem, C??ng Kiên,???ng C??ng Kiên ,Ha Noi,Nam tu Liem,M? Trì,???ng H? M? Trì,100000,50000,50000,
83,HN-2021-000080,2/21/2021,15:20:00,15:30:00,Moto,JE-15745,Luis Suárez,Male,JE-15745,Joel Eaton,Ha Noi,Nam tu Liem,M? Trì,???ng H? M? Trì,Ha Noi,Nam tu liem,?? ?ình Thi?n,???ng ?? ?ình Thi?n,200000,100000,100000,
84,HN-2021-000081,10/16/2020,15:40:00,15:50:00,Moto,SC-20770,Maxi Gómez,Male,SC-20770,Stewart Carmichael,Ha Noi,Nam tu liem,?? ?ình Thi?n,???ng ?? ?ình Thi?n,Ha Noi,Nam Tu Liem,Phuong canh,Trinh Van Bo,40000,15000,25000,
85,HN-2021-000082,6/22/2020,16:10:00,16:20:00,car,SC-20770,Fernando Muslera,Female,SC-20770,Stewart Carmichael,Ha Noi,Cau Giay,Tùng M?u,H? Tùng M?u,Ha Noi,Nam tu Liem,Xuan Phuong,Trinh Van Bo,90000,15000,25000,
86,HN-2021-000083,9/9/2021,16:32:00,16:45:00,car,DN-13690,Martín Campaña,Male,DN-13690,Duane Noonan,Ha Noi,Nam Tu Liem,Phuong canh,Trinh Van Bo,Ha Noi,Cau Giay,Hoang mai,Nguyen Hoang,100000,50000,50000,
87,HN-2021-000084,9/9/2021,17:00:00,17:10:00,car,DN-13690,Martín Silva,Male,DN-13690,Duane Noonan,Ha Noi,B?c T? Liêm,Tây T?u,???ng CN 6,Ha Noi,Cau Giay,B??i,Hoàng Qu?c Vi?t,110000,100000,100000,
88,HN-2021-000085,10/14/2020,17:20:00,17:30:00,Moto,JC-16105,Carlos Sánchez,Male,JC-16105,Julie Creighton,Ha Noi,Nam tu liem,Xuan Phuong,Trinh Van Bo,Ha Noi,Nam tu Liem,Xuan Phuong,???ng C?u Di?n ,120000,20000,50000,
89,HN-2021-000086,6/20/2021,17:34:00,17:47:00,Moto ,CS-12400,Cristian Rodríguez,Male,CS-12400,Christopher Schild,Ha Noi,C?u Gi?y,D?ch V?ng H?u ,???ng ?ông Quan,Ha Noi,Cau Giay,B??i,Hoàng Qu?c Vi?t,140000,60000,80000,
90,HN-2021-000087,6/20/2021,18:10:00,18:20:00,Moto,PO-18865,Diego Laxalt,Male,PO-18865,Patrick O'Donnell,Ha Noi,C?u Gi?y,T? Liêm,Khu ?ô th? Yên Hòa,Ha Noi,Nam tu Liem,Xuan Phuong,???ng C?u Di?n ,100000,50000,50000,
91,HN-2021-000088,9/2/2020,18:30:00,18:40:00,Moto,PG-18895,Giorgian De Arrascaeta,Female,PG-18895,Paul Gonzalez,Ha Noi,B?c T? Liêm,Xuân ??nh,401 Xuân ??nh ,Ha Noi,Nam tu liem,Xuan Phuong,Trinh Van Bo,200000,90000,100000,
92,HN-2021-000089,1/30/2021,18:50:00,19:00:00,Moto ,PG-18895,Jonathan Urretaviscaya,Male,PG-18895,Paul Gonzalez,Ha Noi,Cau Giay,Mai Dich,Nguyen Kha Trac,Ha Noi,Cau Giay,Mai Dich,Doan ke Thien,40000,12000,25000,
93,HN-2021-000090,1/30/2021,19:10:00,19:25:00,car,GM-14455,Lucas Torreira,Female,GM-14455,Gary Mitchum,Ha Noi,Nam tu Liem,Xuan Phuong,Trinh Van Bo,Ha Noi,Nam Tu Liem, C??ng Kiên,???ng C??ng Kiên ,50000,15000,25000,
94,HN-2021-000091,1/30/2021,19:30:00,19:50:00,car,JS-15685,Matías Vecino,Male,JS-15685,Jim Sink,Ha Noi,Cau Giay,Hoang mai,Nguyen Hoang,Ha Noi,Cau Giay,Mai Dich,Nguyen Kha Trac,60000,20000,30000,
95,HN-2021-000092,12/4/2020,20:00:00,20:10:00,car,JS-15685,Nahitan Nández,Male,JS-15685,Jim Sink,Ha Noi,Cau Giay,Mai Dich,Pham Van Dong,Ha Noi,Nam tu Liem,Xuan Phuong,???ng C?u Di?n ,70000,10000,50000,
96,HN-2021-000093,1/23/2021,20:30:00,20:47:00,Moto ,JS-15685,Rodrigo Bentancur,Female,JS-15685,Jim Sink,Ha Noi,Cau Giay,Mai Dich,Nguyen Kha Trac,Ha Noi,Nam tu liem,Xuan Phuong,Trinh Van Bo,80000,15000,25000,
97,HN-2021-000094,5/26/2020,20:57:00,21:08:00,Moto,KB-16315,Majid Hosseini,Male,KB-16315,Karl Braun,Ha Noi,Nam tu Liem,Xuan Phuong,Trinh Van Bo,Ha Noi,Cau Giay,Mai Dich,Doan ke Thien,40000,20000,20000,
98,HN-2021-000095,5/4/2021,14:10:00,14:22:00,Moto ,KB-16315,Milad Mohammadi,Male,KB-16600,Ken Brennan,Ha Noi,Nam tu Liem,Duy Tân,Phùng Chí Kiên,Ha Noi,Cau Giay,Mai Dich,Doan ke Thien,50000,15000,25000,
99,HN-2021-000096,5/4/2021,14:25:00,14:40:00,Moto ,KB-16315,Mohammad Reza Khanzadeh,Male,KB-16600,Ken Brennan,Ha Noi,Cau Giay,Chùa Hà,Nguy?n Th? Du?,Ha Noi,Nam Tu Liem, C??ng Kiên,???ng C??ng Kiên ,60000,15000,25000,
100,HN-2021-000097,2/10/2020,15:00:00,15:12:00,Moto,RB-19705,Morteza Pouraliganji,Female,KB-16600,Ken Brennan,Ha Noi,Nam Tu Liem, C??ng Kiên,???ng C??ng Kiên ,Ha Noi,Nam tu Liem,M? Trì,???ng H? M? Trì,70000,10000,50000,
101,HN-2021-000098,11/18/2021,15:20:00,15:30:00,Moto,PN-18775,Pejman Montazeri,Male,JE-15745,Joel Eaton,Ha Noi,Nam tu Liem,M? Trì,???ng H? M? Trì,Ha Noi,Nam tu liem,?? ?ình Thi?n,???ng ?? ?ình Thi?n,80000,30000,30000,
102,HN-2021-000099,11/18/2021,17:34:00,19:50:00,car,KD-16345,Ramin Rezaeian,Male,TB-21521,Joel Eaton,Ha Noi,B?c T? Liêm,Mai Dich,Nguyen Kha Trac,Ha Noi,Cau Giay,Mai Dich,Doan ke Thien,90000,15000,50000,
103,HN-2021-000100,11/18/2021,18:10:00,20:10:00,car,ER-13855,Rouzbeh Cheshmi,Male,JE-15745,Joel Eaton,Ha Noi,Cau Giay,Xuan Phuong,Trinh Van Bo,Ha Noi,Cau Giay,Mai Dich,Doan ke Thien,100000,30000,50000,
104,HN-2021-000101,11/18/2021,18:30:00,20:47:00,car,Mix-007,Nguyen Phan Nam Son,Male,JE-15745,Ken Brennan,Ha Noi,Nam tu Liem,Duy Tân,Nguyen Hoang,Ha Noi,Nam Tu Liem, C??ng Kiên,???ng C??ng Kiên ,110000,40000,50000,
105,HN-2021-000102,11/18/2021,18:50:00,21:08:00,Moto ,Mix-003,Ha Cong Minh,Male,JE-15745,Ken Brennan,Ha Noi,Cau Giay,Chùa Hà,Pham Van Dong,Ha Noi,Nam tu Liem,M? Trì,???ng H? M? Trì,120000,50000,70000,
106,HN-2021-000103,9/4/2020,19:10:00,14:22:00,Moto,Mix-006,Nguyen Van Linh,Male,KB-16600,Ken Brennan,Ha Noi,Cau Giay, C??ng Kiên,Nguyen Kha Trac,Ha Noi,Nam tu liem,?? ?ình Thi?n,???ng ?? ?ình Thi?n,140000,50000,70000,
107,HN-2021-000104,9/4/2020,19:30:00,14:40:00,Moto ,Mix-003,Ha Cong Minh,Male,KB-16600,Joel Eaton,Ha Noi,Cau Giay,M? Trì,Trinh Van Bo,Ha Noi,Cau Giay,Mai Dich,Doan ke Thien,40000,15000,25000,
108,HN-2021-000105,3/29/2021,20:00:00,15:12:00,Moto ,Mix-005,Hoang Leblanc,Male,KB-16600,Stewart Carmichael,Ha Noi,Nam tu Liem,Mai Dich,Phùng Chí Kiên,Ha Noi,Cau Giay,Mai Dich,Doan ke Thien,100000,50000,50000,
109,HN-2021-000106,11/5/2020,20:30:00,15:30:00,Moto,Mix-005,Hoang Leblanc,Male,JE-15746,Stewart Carmichael,Ha Noi,Nam tu Liem,Xuan Phuong,Nguy?n Th? Du?,Ha Noi,Nam Tu Liem, C??ng Kiên,???ng C??ng Kiên ,200000,100000,100000,
110,HN-2021-000107,11/5/2020,20:57:00,19:50:00,Moto,Mix-003,Ha Cong Minh,Male,SC-20770,Duane Noonan,Ha Noi,Cau Giay,Duy Tân,???ng C??ng Kiên ,Ha Noi,Nam tu Liem,M? Trì,???ng H? M? Trì,40000,15000,25000,
111,HN-2021-000108,11/5/2020,14:10:00,20:10:00,car,Mix-007,Nguyen Phan Nam Son,Male,SC-20770,Duane Noonan,Ha Noi,Nam Tu Liem,Chùa Hà,???ng H? M? Trì,Ha Noi,Nam tu liem,?? ?ình Thi?n,???ng ?? ?ình Thi?n,90000,15000,25000,
112,HN-2021-000109,6/10/2021,14:25:00,20:47:00,car,Mix-007,Nguyen Phan Nam Son,Male,DN-13690,Julie Creighton,Ha Noi,Nam tu Liem, C??ng Kiên,Nguyen Kha Trac,Ha Noi,Cau Giay,Mai Dich,Doan ke Thien,100000,50000,50000,
113,HN-2021-000110,8/10/2020,15:00:00,21:08:00,car,Mix-007,Nguyen Phan Nam Son,Male,DN-13690,Christopher Schild,Ha Noi,B?c T? Liêm,M? Trì,Trinh Van Bo,Ha Noi,Cau Giay,Mai Dich,Doan ke Thien,110000,100000,100000,
114,HN-2021-000111,10/9/2021,15:20:00,14:22:00,Moto ,Mix-003,Ha Cong Minh,Male,JC-16106,Patrick O'Donnell,Ha Noi,Cau Giay,Mai Dich,Nguyen Hoang,Ha Noi,Nam Tu Liem, C??ng Kiên,???ng C??ng Kiên ,120000,20000,50000,
115,HN-2021-000112,10/9/2021,17:34:00,14:40:00,Moto,Mix-006,Nguyen Van Linh,Male,CS-12401,Paul Gonzalez,Ha Noi,Nam tu Liem,Xuan Phuong,Pham Van Dong,Ha Noi,Nam tu Liem,M? Trì,???ng H? M? Trì,140000,60000,80000,
116,HN-2021-000113,10/9/2021,18:10:00,15:12:00,Moto ,Mix-003,Ha Cong Minh,Male,PO-18866,Paul Gonzalez,Ha Noi,Cau Giay,Duy Tân,Nguyen Kha Trac,Ha Noi,Nam tu liem,?? ?ình Thi?n,???ng ?? ?ình Thi?n,100000,50000,50000,
117,HN-2021-000114,5/28/2020,18:30:00,15:30:00,Moto ,Mix-005,Hoang Leblanc,Male,PG-18895,Gary Mitchum,Ha Noi,Cau Giay,Chùa Hà,Trinh Van Bo,Ha Noi,Cau Giay,Mai Dich,Doan ke Thien,200000,90000,100000,
118,HN-2021-000115,5/11/2021,18:50:00,19:50:00,Moto,Mix-005,Hoang Leblanc,Male,PG-18895,Jim Sink,Ha Noi,Cau Giay, C??ng Kiên,Phùng Chí Kiên,Ha Noi,Cau Giay,Mai Dich,Doan ke Thien,40000,12000,25000,
119,HN-2021-000116,10/16/2020,19:10:00,20:10:00,Moto,Mix-003,Ha Cong Minh,Male,GM-14456,Jim Sink,Ha Noi,Nam tu Liem,M? Trì,Nguy?n Th? Du?,Ha Noi,Nam Tu Liem, C??ng Kiên,???ng C??ng Kiên ,50000,15000,25000,
120,HN-2021-000117,11/17/2021,19:30:00,20:47:00,car,Mix-007,Nguyen Phan Nam Son,Male,JS-15685,Jim Sink,Ha Noi,Nam tu Liem,Mai Dich,???ng C??ng Kiên ,Ha Noi,Nam tu Liem,M? Trì,???ng H? M? Trì,60000,20000,30000,
121,HN-2021-000118,11/17/2021,20:00:00,21:08:00,car,Mix-007,Nguyen Phan Nam Son,Male,JS-15685,Karl Braun,Ha Noi,Cau Giay,Xuan Phuong,???ng H? M? Trì,Ha Noi,Nam tu liem,?? ?ình Thi?n,???ng ?? ?ình Thi?n,70000,10000,50000,
122,HN-2021-000119,11/26/2021,20:30:00,14:22:00,car,Mix-007,Nguyen Phan Nam Son,Male,JS-15685,Ken Brennan,Ha Noi,Nam Tu Liem,Duy Tân,Nguyen Kha Trac,Ha Noi,Cau Giay,Mai Dich,Doan ke Thien,80000,15000,25000,
123,HN-2021-000120,11/26/2021,20:57:00,14:40:00,Moto ,Mix-003,Ha Cong Minh,Male,KB-16315,Ken Brennan,Ha Noi,Nam tu Liem,Chùa Hà,Trinh Van Bo,Ha Noi,Cau Giay,Mai Dich,Doan ke Thien,40000,20000,20000,
124,HN-2021-000121,9/3/2021,14:10:00,15:12:00,Moto,Mix-006,Nguyen Van Linh,Male,KB-16600,Ken Brennan,Ha Noi,B?c T? Liêm, C??ng Kiên,Nguyen Hoang,Ha Noi,Nam Tu Liem, C??ng Kiên,???ng C??ng Kiên ,50000,15000,25000,
125,HN-2021-000122,9/3/2021,14:25:00,15:30:00,Moto ,Mix-003,Ha Cong Minh,Male,KB-16600,Joel Eaton,Ha Noi,Cau Giay,M? Trì,Pham Van Dong,Ha Noi,Nam tu Liem,M? Trì,???ng H? M? Trì,60000,15000,25000,
126,HN-2021-000123,12/5/2020,15:00:00,19:50:00,Moto ,Mix-005,Hoang Leblanc,Male,KB-16600,Joel Eaton,Ha Noi,Nam tu Liem,Mai Dich,Nguyen Kha Trac,Ha Noi,Nam tu liem,?? ?ình Thi?n,???ng ?? ?ình Thi?n,70000,10000,50000,
127,HN-2021-000124,12/5/2020,15:20:00,20:10:00,Moto,Mix-005,Hoang Leblanc,Male,JE-15746,Joel Eaton,Ha Noi,Cau Giay,Xuan Phuong,Trinh Van Bo,Ha Noi,Cau Giay,Mai Dich,Doan ke Thien,80000,30000,30000,
128,HN-2021-000125,11/10/2021,17:34:00,20:47:00,Moto,Mix-003,Ha Cong Minh,Male,TB-21522,Ken Brennan,Ha Noi,Cau Giay,Duy Tân,Phùng Chí Kiên,Ha Noi,Cau Giay,Mai Dich,Doan ke Thien,90000,15000,50000,
129,HN-2021-000126,11/10/2021,18:10:00,21:08:00,car,Mix-007,Nguyen Phan Nam Son,Male,JE-15745,Ken Brennan,Ha Noi,Cau Giay,Chùa Hà,Nguy?n Th? Du?,Ha Noi,Nam Tu Liem, C??ng Kiên,???ng C??ng Kiên ,100000,30000,50000,
130,HN-2021-000127,3/18/2020,18:30:00,14:22:00,car,Mix-007,Nguyen Phan Nam Son,Male,JE-15745,Ken Brennan,Ha Noi,Nam tu Liem, C??ng Kiên,???ng C??ng Kiên ,Ha Noi,Nam tu Liem,M? Trì,???ng H? M? Trì,110000,40000,50000,
131,HN-2021-000128,3/18/2020,18:50:00,14:40:00,car,Mix-007,Nguyen Phan Nam Son,Male,JE-15745,Joel Eaton,Ha Noi,Nam tu Liem,M? Trì,???ng H? M? Trì,Ha Noi,Nam tu liem,?? ?ình Thi?n,???ng ?? ?ình Thi?n,120000,50000,70000,
132,HN-2021-000129,3/18/2020,19:10:00,15:12:00,Moto ,Mix-003,Ha Cong Minh,Male,KB-16600,Stewart Carmichael,Ha Noi,Cau Giay,Mai Dich,Nguyen Kha Trac,Ha Noi,Cau Giay,Mai Dich,Doan ke Thien,140000,50000,70000,
133,HN-2021-000130,11/12/2021,19:30:00,15:30:00,Moto,Mix-006,Nguyen Van Linh,Male,KB-16600,Stewart Carmichael,Ha Noi,Nam Tu Liem,Xuan Phuong,Trinh Van Bo,Ha Noi,Cau Giay,Mai Dich,Doan ke Thien,40000,15000,25000,
134,HN-2021-000131,10/26/2020,20:00:00,19:50:00,Moto ,Mix-003,Ha Cong Minh,Male,KB-16600,Duane Noonan,Ha Noi,Nam tu Liem,Duy Tân,Nguyen Hoang,Ha Noi,Nam Tu Liem, C??ng Kiên,???ng C??ng Kiên ,100000,50000,50000,
135,HN-2021-000132,10/26/2020,20:30:00,20:10:00,Moto ,Mix-005,Hoang Leblanc,Male,JE-15747,Duane Noonan,Ha Noi,B?c T? Liêm,Chùa Hà,Pham Van Dong,Ha Noi,Nam tu Liem,M? Trì,???ng H? M? Trì,200000,100000,100000,
136,HN-2021-000133,4/11/2021,20:57:00,20:47:00,Moto,Mix-005,Hoang Leblanc,Male,SC-20770,Julie Creighton,Ha Noi,Cau Giay, C??ng Kiên,Nguyen Kha Trac,Ha Noi,Nam tu liem,?? ?ình Thi?n,???ng ?? ?ình Thi?n,40000,15000,25000,
137,HN-2021-000134,4/11/2021,14:10:00,21:08:00,Moto,Mix-003,Ha Cong Minh,Male,SC-20770,Christopher Schild,Ha Noi,Nam tu Liem,M? Trì,Trinh Van Bo,Ha Noi,Cau Giay,Mai Dich,Doan ke Thien,90000,15000,25000,
138,HN-2021-000135,12/25/2020,14:25:00,14:22:00,car,Mix-007,Nguyen Phan Nam Son,Male,DN-13690,Patrick O'Donnell,Ha Noi,Cau Giay,Mai Dich,Phùng Chí Kiên,Ha Noi,Cau Giay,Mai Dich,Doan ke Thien,100000,50000,50000,
139,HN-2021-000136,12/25/2020,15:00:00,14:40:00,car,Mix-007,Nguyen Phan Nam Son,Male,DN-13690,Paul Gonzalez,Ha Noi,Cau Giay,Xuan Phuong,Nguy?n Th? Du?,Ha Noi,Nam Tu Liem, C??ng Kiên,???ng C??ng Kiên ,110000,100000,100000,
140,HN-2021-000137,9/21/2021,15:20:00,15:12:00,car,Mix-007,Nguyen Phan Nam Son,Male,JC-16107,Paul Gonzalez,Ha Noi,Cau Giay,Duy Tân,???ng C??ng Kiên ,Ha Noi,Nam tu Liem,M? Trì,???ng H? M? Trì,120000,20000,50000,
141,HN-2021-000138,12/20/2020,17:34:00,15:30:00,Moto ,Mix-003,Ha Cong Minh,Male,CS-12402,Gary Mitchum,Ha Noi,Nam tu Liem,Chùa Hà,???ng H? M? Trì,Ha Noi,Nam tu liem,?? ?ình Thi?n,???ng ?? ?ình Thi?n,140000,60000,80000,
142,HN-2021-000139,7/18/2021,18:10:00,19:50:00,Moto,Mix-006,Nguyen Van Linh,Male,PO-18867,Jim Sink,Ha Noi,Nam tu Liem, C??ng Kiên,Nguyen Kha Trac,Ha Noi,Cau Giay,Mai Dich,Doan ke Thien,100000,50000,50000,
143,HN-2021-000140,7/26/2020,18:30:00,20:10:00,Moto ,Mix-003,Ha Cong Minh,Male,PG-18895,Jim Sink,Ha Noi,Cau Giay,M? Trì,Trinh Van Bo,Ha Noi,Cau Giay,Mai Dich,Doan ke Thien,200000,90000,100000,
144,HN-2021-000141,7/26/2020,18:50:00,20:47:00,Moto ,Mix-005,Hoang Leblanc,Male,PG-18895,Jim Sink,Ha Noi,Nam Tu Liem,Mai Dich,Nguyen Hoang,Ha Noi,Nam Tu Liem, C??ng Kiên,???ng C??ng Kiên ,40000,12000,25000,
145,HN-2021-000142,7/26/2020,19:10:00,21:08:00,Moto,Mix-005,Hoang Leblanc,Male,GM-14457,Karl Braun,Ha Noi,Nam tu Liem,Xuan Phuong,Pham Van Dong,Ha Noi,Nam tu Liem,M? Trì,???ng H? M? Trì,50000,15000,25000,
146,HN-2021-000143,12/26/2021,19:30:00,14:22:00,Moto,Mix-003,Ha Cong Minh,Male,JS-15685,Ken Brennan,Ha Noi,B?c T? Liêm,Duy Tân,Nguyen Kha Trac,Ha Noi,Nam tu liem,?? ?ình Thi?n,???ng ?? ?ình Thi?n,60000,20000,30000,
147,HN-2021-000144,12/11/2020,20:00:00,14:40:00,car,Mix-007,Nguyen Phan Nam Son,Male,JS-15685,Ken Brennan,Ha Noi,Cau Giay,Chùa Hà,Trinh Van Bo,Ha Noi,Cau Giay,Mai Dich,Doan ke Thien,70000,10000,50000,
148,HN-2021-000145,12/11/2020,20:30:00,15:12:00,car,Mix-007,Nguyen Phan Nam Son,Male,JS-15685,Ken Brennan,Ha Noi,Nam tu Liem, C??ng Kiên,Phùng Chí Kiên,Ha Noi,Cau Giay,Mai Dich,Doan ke Thien,80000,15000,25000,
149,HN-2021-000146,12/11/2020,20:57:00,15:30:00,car,Mix-007,Nguyen Phan Nam Son,Male,KB-16315,Joel Eaton,Ha Noi,Cau Giay,M? Trì,Nguy?n Th? Du?,Ha Noi,Nam Tu Liem, C??ng Kiên,???ng C??ng Kiên ,40000,20000,20000,
150,HN-2021-000147,12/11/2020,14:10:00,19:50:00,Moto ,Mix-003,Ha Cong Minh,Male,KB-16600,Joel Eaton,Ha Noi,Cau Giay,Mai Dich,???ng C??ng Kiên ,Ha Noi,Nam tu Liem,M? Trì,???ng H? M? Trì,50000,15000,25000,
151,HN-2021-000148,3/3/2021,14:25:00,20:10:00,Moto,Mix-006,Nguyen Van Linh,Male,KB-16600,Joel Eaton,Ha Noi,Cau Giay,Xuan Phuong,???ng H? M? Trì,Ha Noi,Nam tu liem,?? ?ình Thi?n,???ng ?? ?ình Thi?n,60000,15000,25000,
152,HN-2021-000149,10/21/2020,15:00:00,20:47:00,Moto ,Mix-003,Ha Cong Minh,Male,KB-16600,Ken Brennan,Ha Noi,Nam tu Liem,Duy Tân,Nguyen Kha Trac,Ha Noi,Cau Giay,Mai Dich,Doan ke Thien,70000,10000,50000,
153,HN-2021-000150,10/21/2020,15:20:00,21:08:00,Moto ,Mix-005,Hoang Leblanc,Male,JE-15747,Ken Brennan,Ha Noi,Nam tu Liem,Chùa Hà,Trinh Van Bo,Ha Noi,Cau Giay,Mai Dich,Doan ke Thien,80000,30000,30000,
154,HN-2021-000151,11/10/2021,17:34:00,14:22:00,Moto,Mix-005,Hoang Leblanc,Male,TB-21523,Ken Brennan,Ha Noi,Cau Giay, C??ng Kiên,Nguyen Hoang,Ha Noi,Nam Tu Liem, C??ng Kiên,???ng C??ng Kiên ,90000,15000,50000,
155,HN-2021-000152,3/16/2020,18:10:00,14:40:00,Moto,Mix-003,Ha Cong Minh,Male,JE-15745,Joel Eaton,Ha Noi,Nam Tu Liem,M? Trì,Pham Van Dong,Ha Noi,Nam tu Liem,M? Trì,???ng H? M? Trì,100000,30000,50000,
156,HN-2021-000153,9/22/2021,18:30:00,15:12:00,car,Mix-007,Nguyen Phan Nam Son,Male,JE-15745,Stewart Carmichael,Ha Noi,Nam tu Liem,Mai Dich,Nguyen Kha Trac,Ha Noi,Nam tu liem,?? ?ình Thi?n,???ng ?? ?ình Thi?n,110000,40000,50000,
157,HN-2021-000154,2/6/2021,18:50:00,15:30:00,car,Mix-007,Nguyen Phan Nam Son,Male,JE-15745,Stewart Carmichael,Ha Noi,B?c T? Liêm,Xuan Phuong,Trinh Van Bo,Ha Noi,Cau Giay,Mai Dich,Doan ke Thien,120000,50000,70000,
158,HN-2021-000155,12/31/2020,19:10:00,19:50:00,car,Mix-007,Nguyen Phan Nam Son,Male,KB-16600,Duane Noonan,Ha Noi,Cau Giay,Duy Tân,Phùng Chí Kiên,Ha Noi,Cau Giay,Mai Dich,Doan ke Thien,140000,50000,70000,
159,HN-2021-000156,10/9/2021,19:30:00,20:10:00,Moto ,Mix-003,Ha Cong Minh,Male,KB-16600,Duane Noonan,Ha Noi,Nam tu Liem,Chùa Hà,Nguy?n Th? Du?,Ha Noi,Nam Tu Liem, C??ng Kiên,???ng C??ng Kiên ,40000,15000,25000,
160,HN-2021-000157,10/9/2020,20:00:00,20:47:00,Moto,Mix-006,Nguyen Van Linh,Male,KB-16600,Julie Creighton,Ha Noi,Cau Giay, C??ng Kiên,???ng C??ng Kiên ,Ha Noi,Nam tu Liem,M? Trì,???ng H? M? Trì,100000,50000,50000,
161,HN-2021-000158,12/30/2021,20:30:00,21:08:00,Moto ,Mix-003,Ha Cong Minh,Male,JE-15748,Christopher Schild,Ha Noi,Cau Giay,M? Trì,???ng H? M? Trì,Ha Noi,Nam tu liem,?? ?ình Thi?n,???ng ?? ?ình Thi?n,200000,100000,100000,
162,HN-2021-000159,12/30/2021,20:57:00,14:22:00,Moto ,Mix-005,Hoang Leblanc,Male,SC-20770,Patrick O'Donnell,Ha Noi,Cau Giay,Mai Dich,Nguyen Kha Trac,Ha Noi,Cau Giay,Mai Dich,Doan ke Thien,40000,15000,25000,
163,HN-2021-000160,4/12/2020,14:10:00,14:40:00,Moto,Mix-005,Hoang Leblanc,Male,SC-20770,Paul Gonzalez,Ha Noi,Nam tu Liem,Xuan Phuong,Trinh Van Bo,Ha Noi,Cau Giay,Mai Dich,Doan ke Thien,90000,15000,25000,
164,HN-2021-000161,4/12/2020,14:25:00,15:12:00,Moto,Mix-003,Ha Cong Minh,Male,DN-13690,Paul Gonzalez,Ha Noi,Nam tu Liem,Duy Tân,Nguyen Hoang,Ha Noi,Nam Tu Liem, C??ng Kiên,???ng C??ng Kiên ,100000,50000,50000,
165,HN-2021-000162,4/12/2020,15:00:00,15:30:00,car,Mix-007,Nguyen Phan Nam Son,Male,DN-13690,Gary Mitchum,Ha Noi,Cau Giay,Chùa Hà,Pham Van Dong,Ha Noi,Nam tu Liem,M? Trì,???ng H? M? Trì,110000,100000,100000,
166,HN-2021-000163,11/28/2021,15:20:00,19:50:00,car,Mix-007,Nguyen Phan Nam Son,Male,JC-16108,Jim Sink,Ha Noi,Nam Tu Liem, C??ng Kiên,Nguyen Kha Trac,Ha Noi,Nam tu liem,?? ?ình Thi?n,???ng ?? ?ình Thi?n,120000,20000,50000,
167,HN-2021-000164,11/28/2021,17:34:00,20:10:00,car,Mix-007,Nguyen Phan Nam Son,Male,CS-12403,Jim Sink,Ha Noi,Nam tu Liem,M? Trì,Trinh Van Bo,Ha Noi,Cau Giay,Mai Dich,Doan ke Thien,140000,60000,80000,
168,HN-2021-000165,11/28/2021,18:10:00,20:47:00,Moto ,Mix-003,Ha Cong Minh,Male,PO-18868,Jim Sink,Ha Noi,B?c T? Liêm,Mai Dich,Phùng Chí Kiên,Ha Noi,Cau Giay,Mai Dich,Doan ke Thien,100000,50000,50000,
169,HN-2021-000166,11/28/2021,18:30:00,21:08:00,Moto,Mix-006,Nguyen Van Linh,Male,PG-18895,Karl Braun,Ha Noi,Cau Giay,Xuan Phuong,Nguy?n Th? Du?,Ha Noi,Nam Tu Liem, C??ng Kiên,???ng C??ng Kiên ,200000,90000,100000,
170,HN-2021-000167,11/28/2021,18:50:00,14:22:00,Moto ,Mix-003,Ha Cong Minh,Male,PG-18895,Ken Brennan,Ha Noi,Nam tu Liem,Duy Tân,???ng C??ng Kiên ,Ha Noi,Nam tu Liem,M? Trì,???ng H? M? Trì,40000,12000,25000,
171,HN-2021-000168,4/15/2020,19:10:00,14:40:00,Moto ,Mix-005,Hoang Leblanc,Male,GM-14458,Ken Brennan,Ha Noi,Cau Giay,Chùa Hà,???ng H? M? Trì,Ha Noi,Nam tu liem,?? ?ình Thi?n,???ng ?? ?ình Thi?n,50000,15000,25000,
172,HN-2021-000169,3/9/2021,19:30:00,15:12:00,Moto,Mix-005,Hoang Leblanc,Male,JS-15685,Ken Brennan,Ha Noi,Cau Giay, C??ng Kiên,Nguyen Kha Trac,Ha Noi,Cau Giay,Mai Dich,Doan ke Thien,60000,20000,30000,
173,HN-2021-000170,10/28/2020,20:00:00,15:30:00,Moto,Mix-003,Ha Cong Minh,Male,JS-15685,Joel Eaton,Ha Noi,Cau Giay,M? Trì,Trinh Van Bo,Ha Noi,Cau Giay,Mai Dich,Doan ke Thien,70000,10000,50000,
174,HN-2021-000171,1/7/2021,20:30:00,19:50:00,car,Mix-007,Nguyen Phan Nam Son,Male,JS-15685,Joel Eaton,Ha Noi,Nam tu Liem,Mai Dich,Nguyen Hoang,Ha Noi,Nam Tu Liem,Mai Dich,???ng C??ng Kiên ,80000,15000,25000,
175,HN-2021-000172,1/7/2021,20:57:00,20:10:00,car,Mix-007,Nguyen Phan Nam Son,Male,KB-16315,Joel Eaton,Ha Noi,Nam tu Liem,Xuan Phuong,Pham Van Dong,Ha Noi,Nam tu Liem, C??ng Kiên,???ng H? M? Trì,40000,20000,20000,
176,HN-2021-000173,1/7/2021,14:10:00,20:47:00,car,Mix-007,Nguyen Phan Nam Son,Male,KB-16600,Ken Brennan,Ha Noi,Cau Giay,Duy Tân,Nguyen Kha Trac,Ha Noi,Nam tu liem,M? Trì,???ng ?? ?ình Thi?n,50000,15000,25000,
177,HN-2021-000174,1/7/2021,14:25:00,21:08:00,Moto ,Mix-003,Ha Cong Minh,Male,KB-16600,Ken Brennan,Ha Noi,Nam Tu Liem,Chùa Hà,Trinh Van Bo,Ha Noi,Cau Giay,?? ?ình Thi?n,Doan ke Thien,60000,15000,25000,
178,HN-2021-000175,8/13/2020,15:00:00,14:22:00,Moto,Mix-006,Nguyen Van Linh,Male,KB-16600,Ken Brennan,Ha Noi,Nam tu Liem, C??ng Kiên,Phùng Chí Kiên,Ha Noi,Cau Giay,Mai Dich,Doan ke Thien,70000,10000,50000,
179,HN-2021-000176,11/2/2021,15:20:00,14:40:00,Moto ,Mix-003,Ha Cong Minh,Male,JE-15748,Joel Eaton,Ha Noi,B?c T? Liêm,M? Trì,Nguy?n Th? Du?,Ha Noi,Nam Tu Liem,Mai Dich,???ng C??ng Kiên ,80000,30000,30000,
180,HN-2021-000177,9/19/2020,17:34:00,15:12:00,Moto ,Mix-005,Hoang Leblanc,Male,TB-21524,Stewart Carmichael,Ha Noi,Cau Giay,Mai Dich,???ng C??ng Kiên ,Ha Noi,Nam tu Liem, C??ng Kiên,???ng H? M? Trì,90000,15000,50000,
181,HN-2021-000178,5/31/2021,18:10:00,15:30:00,Moto,Mix-005,Hoang Leblanc,Male,JE-15745,Stewart Carmichael,Ha Noi,Nam tu Liem,Xuan Phuong,???ng H? M? Trì,Ha Noi,Nam tu liem,M? Trì,???ng ?? ?ình Thi?n,100000,30000,50000,
182,HN-2021-000179,9/13/2020,18:30:00,19:50:00,Moto,Mix-003,Ha Cong Minh,Male,JE-15745,Duane Noonan,Ha Noi,Cau Giay,Duy Tân,Nguyen Kha Trac,Ha Noi,Cau Giay,?? ?ình Thi?n,Doan ke Thien,110000,40000,50000,
183,HN-2021-000180,9/13/2020,18:50:00,20:10:00,car,Mix-007,Nguyen Phan Nam Son,Male,JE-15745,Duane Noonan,Ha Noi,Cau Giay,Chùa Hà,Trinh Van Bo,Ha Noi,Cau Giay,Mai Dich,Doan ke Thien,120000,50000,70000,
184,HN-2021-000181,9/13/2020,19:10:00,20:47:00,car,Mix-007,Nguyen Phan Nam Son,Male,KB-16600,Julie Creighton,Ha Noi,Cau Giay, C??ng Kiên,Nguyen Hoang,Ha Noi,Nam Tu Liem,Mai Dich,???ng C??ng Kiên ,140000,50000,70000,
185,HN-2021-000182,9/13/2020,19:30:00,21:08:00,car,Mix-007,Nguyen Phan Nam Son,Male,KB-16600,Christopher Schild,Ha Noi,Nam tu Liem,M? Trì,Pham Van Dong,Ha Noi,Nam tu Liem, C??ng Kiên,???ng H? M? Trì,40000,15000,25000,
186,HN-2021-000183,9/13/2020,20:00:00,14:22:00,Moto ,Mix-003,Ha Cong Minh,Male,KB-16600,Patrick O'Donnell,Ha Noi,Nam tu Liem,Mai Dich,Nguyen Kha Trac,Ha Noi,Nam tu liem,M? Trì,???ng ?? ?ình Thi?n,100000,50000,50000,
187,HN-2021-000184,9/13/2020,20:30:00,14:40:00,Moto,Mix-006,Nguyen Van Linh,Male,JE-15749,Paul Gonzalez,Ha Noi,Cau Giay,Xuan Phuong,Trinh Van Bo,Ha Noi,Cau Giay,?? ?ình Thi?n,Doan ke Thien,200000,100000,100000,
188,HN-2021-000185,9/13/2020,20:57:00,15:12:00,Moto ,Mix-003,Ha Cong Minh,Male,SC-20770,Paul Gonzalez,Ha Noi,Nam Tu Liem,Duy Tân,Phùng Chí Kiên,Ha Noi,Cau Giay,Mai Dich,Doan ke Thien,40000,15000,25000,
189,HN-2021-000186,9/13/2020,14:10:00,15:30:00,Moto ,Mix-005,Hoang Leblanc,Male,SC-20770,Gary Mitchum,Ha Noi,Nam tu Liem,Chùa Hà,Nguy?n Th? Du?,Ha Noi,Nam Tu Liem,Mai Dich,???ng C??ng Kiên ,90000,15000,25000,
190,HN-2021-000187,9/13/2020,14:25:00,19:50:00,Moto,Mix-005,Hoang Leblanc,Male,DN-13690,Jim Sink,Ha Noi,B?c T? Liêm, C??ng Kiên,???ng C??ng Kiên ,Ha Noi,Nam tu Liem, C??ng Kiên,???ng H? M? Trì,100000,50000,50000,
191,HN-2021-000188,9/13/2020,15:00:00,20:10:00,Moto,Mix-003,Ha Cong Minh,Male,DN-13690,Jim Sink,Ha Noi,Cau Giay,M? Trì,???ng H? M? Trì,Ha Noi,Nam tu liem,M? Trì,???ng ?? ?ình Thi?n,110000,100000,100000,
192,HN-2021-000189,11/29/2021,15:20:00,20:47:00,car,Mix-007,Nguyen Phan Nam Son,Male,JC-16109,Jim Sink,Ha Noi,Nam tu Liem,Mai Dich,Nguyen Kha Trac,Ha Noi,Cau Giay,?? ?ình Thi?n,Doan ke Thien,120000,20000,50000,
193,HN-2021-000190,11/29/2021,17:34:00,21:08:00,car,Mix-007,Nguyen Phan Nam Son,Male,CS-12404,Karl Braun,Ha Noi,Cau Giay,Xuan Phuong,Trinh Van Bo,Ha Noi,Cau Giay,Mai Dich,Doan ke Thien,140000,60000,80000,
194,HN-2021-000191,12/4/2020,18:10:00,14:22:00,car,Mix-007,Nguyen Phan Nam Son,Male,PO-18869,Ken Brennan,Ha Noi,Cau Giay,Duy Tân,Nguyen Hoang,Ha Noi,Nam Tu Liem,Mai Dich,???ng C??ng Kiên ,100000,50000,50000,
195,HN-2021-000192,5/2/2021,18:30:00,14:40:00,Moto ,Mix-003,Ha Cong Minh,Male,PG-18895,Ken Brennan,Ha Noi,Cau Giay,Chùa Hà,Pham Van Dong,Ha Noi,Nam tu Liem, C??ng Kiên,???ng H? M? Trì,200000,90000,100000,
196,HN-2021-000193,5/2/2021,18:50:00,15:12:00,Moto,Mix-006,Nguyen Van Linh,Male,PG-18895,Ken Brennan,Ha Noi,Nam tu Liem, C??ng Kiên,Nguyen Kha Trac,Ha Noi,Nam tu liem,M? Trì,???ng ?? ?ình Thi?n,40000,12000,25000,
197,HN-2021-000194,5/2/2021,19:10:00,15:30:00,Moto ,Mix-003,Ha Cong Minh,Male,GM-14459,Joel Eaton,Ha Noi,Nam tu Liem,M? Trì,Trinh Van Bo,Ha Noi,Cau Giay,?? ?ình Thi?n,Doan ke Thien,50000,15000,25000,
198,HN-2021-000195,12/25/2020,19:30:00,19:50:00,Moto ,Mix-005,Hoang Leblanc,Male,JS-15685,Joel Eaton,Ha Noi,Cau Giay,Mai Dich,Phùng Chí Kiên,Ha Noi,Cau Giay,Mai Dich,Doan ke Thien,60000,20000,30000,
199,HN-2021-000196,12/25/2020,20:00:00,20:10:00,Moto,Mix-005,Hoang Leblanc,Male,JS-15685,Joel Eaton,Ha Noi,Nam Tu Liem,Xuan Phuong,Nguy?n Th? Du?,Ha Noi,Nam Tu Liem,Mai Dich,???ng C??ng Kiên ,70000,10000,50000,
200,HN-2021-000197,9/30/2021,20:30:00,20:47:00,Moto,Mix-003,Ha Cong Minh,Male,JS-15685,Ken Brennan,Ha Noi,Nam tu Liem,Duy Tân,???ng C??ng Kiên ,Ha Noi,Nam tu Liem, C??ng Kiên,???ng H? M? Trì,80000,15000,25000,
201,HN-2021-000198,7/12/2020,20:57:00,21:08:00,car,Mix-007,Nguyen Phan Nam Son,Male,KB-16315,Ken Brennan,Ha Noi,B?c T? Liêm,Chùa Hà,???ng H? M? Trì,Ha Noi,Nam tu liem,M? Trì,???ng ?? ?ình Thi?n,40000,20000,20000,
202,HN-2021-000199,7/12/2020,14:10:00,14:22:00,car,Mix-007,Nguyen Phan Nam Son,Male,KB-16600,Ken Brennan,Ha Noi,Cau Giay, C??ng Kiên,Nguyen Kha Trac,Ha Noi,Cau Giay,?? ?ình Thi?n,Doan ke Thien,50000,15000,25000,
203,HN-2021-000200,9/8/2021,,,,,,,,,,,,,,,,,,,,
204,HCM-2021-00200,9/8/2021,06:32,07:21,car,TTT-218,Trinh Thanh Binh,Male,DB-2141,Dave Brooks,Ho Chi Minh,Quan 1,Ben Nghe,Le Thanh Ton,Ho Chi Minh,Quan 1,Cau Kho,Muong Tim,40000,13000,25000,
205,HCM-2021-00201,8/6/2020,17:21,18:19,car,HNH-812,Ho Ngoc Ha,Male,NP-9219,Nora Paige,Ho Chi Minh,Quan 1,Ben Nghe,Ton Duc Thang,Ho Chi Minh,Quan 1,Tan Dinh,Phuong Vi,40000,11000,25000,
206,HCM-2022-00202,5/14/2021,14:10:00,20:47:00,car,NDP-213,Nguyen Duc Phuc,Male,TT-8216,Ted Trevino,Ho Chi Minh,Quan 1,Ben Nghe,Tru Manh Trinh,Ho Chi Minh,Quan 1,Nguyen Cu Trinh,Muong Tim,40000,15000,25000,
207,HCM-2021-00203,5/14/2021,14:25:00,21:08:00,Moto,QCT-124,Quach Cong Tuan,Male,EM-21947,Eric Murdock,Ho Chi Minh,Quan 1,Ben Nghe,Le Thanh Ton,Ho Chi Minh,Quan 1,Cau Kho,Nguyen Van Huong,50000,25000,25000,
208,HCM-2021-00204,5/14/2021,15:00:00,14:22:00,Moto,TVD-213,Tran Van Dai,Male,RD-83643,Ruben Dartt,Ho Chi Minh,Quan 1,Ben Nghe,Ton Duc Thang,Ho Chi Minh,Quan 1,Ben Nghe,Ung Van Khiem,60000,20000,40000,
209,HCM-2021-00205,5/14/2021,15:20:00,14:40:00,Moto,NCK-123,Nguyen Cong Kham,Male,BM-81274,Becky Martin,Ho Chi Minh,Quan 1,Cau Kho,Vo Van Kiet,Ho Chi Minh,Quan 1,Ben Nghe,Nguyen Van Huong,70000,15000,25000,
210,HCM-2021-00206,1/20/2020,17:34:00,15:12:00,Moto,NTN-192,Nguyen Thi Ngoc,Female,MJ-21481,Max Jones,Ho Chi Minh,Quan 1,Cau Kho,Hoang Duc Nhan,Ho Chi Minh,Quan 2,An Khanh,Ung Van Khiem,80000,15000,25000,
211,HCM-2022-00207,5/30/2021,18:10:00,15:30:00,Moto,DQA-128,Dao Quynh Anh,Female,BM-82642,Becky Martin,Ho Chi Minh,Quan 1,Cau Kho,Le Thanh Tong,Ho Chi Minh,Quan 2,Thu Thiem,Nguyen Van Huong,90000,20000,50000,
212,HCM-2021-00208,4/8/2020,18:30:00,19:50:00,car,LBH-214,Le Binh Huu,Female,JB-62104,Jennifer Braxton,Ho Chi Minh,Quan 1,Cau Kho,Vo Van Kiet,Ho Chi Minh,Quan 2,An Phu ,Nguyen Thai Hoc,100000,30000,60000,
213,HCM-2022-00209,7/23/2021,18:50:00,20:10:00,car,HTA-124,Ha Tram Anh,Female,JE-21412,Joel Eaton,Ho Chi Minh,Quan 1,Cau Kho,Hoang Duc Nhan,Ho Chi Minh,Quan 3,3,Cho Dua,110000,15000,25000,
214,HCM-2022-00210,5/30/2020,19:10:00,20:47:00,car,TTT-218,Trinh Thanh Binh,Male,DK-82142,David Kendrick,Ho Chi Minh,Quan 1,Cau Kho,Le Thanh Tong,Ho Chi Minh,Quan 3,2,Hoang Van Thu,120000,15000,25000,
215,HCM-2022-00211,5/30/2020,19:30:00,21:08:00,car,HNH-812,Ho Ngoc Ha,Male,RM-62842,Robert Marley,Ho Chi Minh,Quan 1,Cau Kho,Pham Viet Chanh,Ho Chi Minh,Quan 3,1,Duy Hoang,140000,50000,50000,
216,HCM-2021-00212,5/30/2020,20:00:00,14:22:00,car,NDP-213,Nguyen Duc Phuc,Male,FM-21941,Frank Merwin,Ho Chi Minh,Quan 1,Cau Kho,Tran Hung Dao,Ho Chi Minh,Quan 5,2,Ha Cong Minh,140000,20000,100000,
217,HCM-2021-00213,3/13/2021,20:30:00,14:40:00,Moto,QCT-124,Quach Cong Tuan,Male,SK-21242,Sally Knutson,Ho Chi Minh,Quan 1,Nguyen Cu Trinh,Pham Viet Chanh,Ho Chi Minh,Quan 5,2,Tran Vi,20000,15000,5000,
218,HCM-2021-00214,3/13/2021,20:57:00,15:12:00,Moto,TVD-213,Tran Van Dai,Male,FM-18231,Frank Merwin,Ho Chi Minh,Quan 1,Nguyen Cu Trinh,Tran Hung Dao,Ho Chi Minh,Quan 5,4,Duong So 10,30000,15000,10000,
219,HCM-2022-00215,3/13/2021,14:10:00,15:30:00,Moto,NCK-123,Nguyen Cong Kham,Male,AM-12192,Alice McCarthy,Ho Chi Minh,Quan 1,Cau Kho,Nguyen Thi Minh Khai,Ho Chi Minh,Quan 5,1,Hoang Son,40000,20000,20000,
220,HCM-2022-00216,3/13/2021,14:25:00,19:50:00,Moto,NTN-192,Nguyen Thi Ngoc,Female,MP-21471,Mark Packer,Ho Chi Minh,Quan 1,Tan Dinh,Dang Dung,Ho Chi Minh,Quan 5,2,Hoang Khai,50000,20000,25000,
221,HCM-2021-00217,3/13/2021,15:00:00,20:10:00,Moto,DQA-128,Dao Quynh Anh,Female,CB-12812,Cassandra Brandow,Ho Chi Minh,Quan 1,Tan Dinh,Dang Dung,Ho Chi Minh,Quan 5,4,Ha Cong Minh,60000,15000,25000,
222,HCM-2022-00218,3/13/2021,15:20:00,20:47:00,car,LBH-214,Le Binh Huu,Female,VM-12312,Valerie Mitchum,Ho Chi Minh,Quan 2,An Khanh,Nguyen Khanh Toan,Ho Chi Minh,Quan 1,Cau Kho,Tran Vi,70000,15000,25000,
223,HCM-2021-00219,3/13/2021,17:34:00,21:08:00,car,HTA-124,Ha Tram Anh,Female,FH-12428,Fred Hopkins,Ho Chi Minh,Quan 2,An Khanh,Tran Bach Dang,Ho Chi Minh,Quan 1,Tan Dinh,Duong So 8,80000,20000,30000,
224,HCM-2021-00220,3/13/2021,18:10:00,14:22:00,car,TTT-218,Trinh Thanh Binh,Male,MB-21481,Maria Bertelson,Ho Chi Minh,Quan 2,An Khanh,To Huu,Ho Chi Minh,Quan 1,Nguyen Cu Trinh,Hoang Son,40000,15000,25000,
225,HCM-2022-00221,3/13/2021,18:30:00,14:40:00,car,HNH-812,Ho Ngoc Ha,Male,BS-12745,Bruce Stewart,Ho Chi Minh,Quan 2,An Khanh,Nguyen Thien Thanh,Ho Chi Minh,Quan 1,Cau Kho,Hoang Khai,100000,50000,50000,
226,HCM-2022-00222,4/10/2020,18:50:00,15:12:00,car,NDP-213,Nguyen Duc Phuc,Male,LC-21742,Logan Currie,Ho Chi Minh,Quan 2,An Khanh,Tran Bach Dang,Ho Chi Minh,Quan 1,Ben Nghe,Nguyen Duy Hieu,70000,20000,45000,
227,HCM-2021-00223,4/10/2020,19:10:00,15:30:00,Moto,QCT-124,Quach Cong Tuan,Male,HK-27123,Heather Kirkland,Ho Chi Minh,Quan 2,An Khanh,To Huu,Ho Chi Minh,Quan 1,Ben Nghe,Nguyen Hoang ,80000,15000,25000,
228,HCM-2021-00224,6/25/2021,19:30:00,19:50:00,Moto,TVD-213,Tran Van Dai,Male,LR-12741,Laurel Elliston,Ho Chi Minh,Quan 2,An Khanh,Nguyen Thien Thanh,Ho Chi Minh,Quan 2,An Khanh,Binh Minh,90000,15000,25000,
229,HCM-2022-00225,6/25/2021,20:00:00,20:10:00,Moto,NCK-123,Nguyen Cong Kham,Male,JH-92712,Joseph Holt,Ho Chi Minh,Quan 2,An Phu ,Nguyen Hoang,Ho Chi Minh,Quan 2,Thu Thiem,Bat Nan,100000,50000,50000,
230,HCM-2021-00226,3/17/2021,20:30:00,20:47:00,Moto,NTN-192,Nguyen Thi Ngoc,Female,MS-21467,Michael Stewart,Ho Chi Minh,Quan 2,An Phu ,Mai Tri Tho,Ho Chi Minh,Quan 2,Thu Thiem,Binh Trung,50000,10000,10000,
231,HCM-2021-00227,3/17/2021,20:57:00,21:08:00,Moto,DQA-128,Dao Quynh Anh,Female,DB-2141,Dave Brooks,Ho Chi Minh,Quan 2,An Phu ,Tran Luu,Ho Chi Minh,Quan 3,3,Bui Ta Han,60000,30000,25000,
232,HCM-2022-00228,3/17/2021,14:10:00,14:22:00,car,LBH-214,Le Binh Huu,Female,NP-9219,Nora Paige,Ho Chi Minh,Quan 2,An Phu ,Nguyen Hoang,Ho Chi Minh,Quan 3,2,Dang Huu Van,70000,20000,25000,
233,HCM-2021-00229,3/17/2021,14:25:00,20:47:00,car,HTA-124,Ha Tram Anh,Female,TT-8216,Ted Trevino,Ho Chi Minh,Quan 2,Cat Lai,Muong Tim,Ho Chi Minh,Quan 3,1,Nguyen Quy Canh,80000,30000,50000,
234,HCM-2022-00230,3/17/2021,15:00:00,21:08:00,car,TTT-218,Trinh Thanh Binh,Male,EM-21947,Eric Murdock,Ho Chi Minh,Quan 2,Cat Lai,Phuong Vi,Ho Chi Minh,Quan 5,2,Nguyen Trong Quan,200000,100000,100000,
235,HCM-2021-00231,8/9/2020,15:20:00,14:22:00,car,HNH-812,Ho Ngoc Ha,Male,RD-83643,Ruben Dartt,Ho Chi Minh,Quan 2,Cat Lai,Muong Tim,Ho Chi Minh,Quan 5,2,Nguyen Duy Hieu,50000,15000,25000,
236,HCM-2021-00232,8/9/2020,17:34:00,14:40:00,car,NDP-213,Nguyen Duc Phuc,Male,BM-81274,Becky Martin,Ho Chi Minh,Quan 2,Cat Lai,Phuong Vi,Ho Chi Minh,Quan 5,4,Nguyen Hoang ,60000,15000,25000,
237,HCM-2022-00233,7/26/2021,18:10:00,15:12:00,Moto,QCT-124,Quach Cong Tuan,Male,MJ-21481,Max Jones,Ho Chi Minh,Quan 2,Cat Lai,Muong Tim,Ho Chi Minh,Quan 5,1,Binh Minh,90000,40000,50000,
238,HCM-2022-00234,7/26/2021,18:30:00,15:30:00,Moto,TVD-213,Tran Van Dai,Male,BM-82642,Becky Martin,Ho Chi Minh,Quan 2,Thao Dien,Nguyen Van Huong,Ho Chi Minh,Quan 5,2,Bat Nan,100000,30000,70000,
239,HCM-2021-00235,7/26/2021,18:50:00,19:50:00,Moto,NCK-123,Nguyen Cong Kham,Male,JB-62104,Jennifer Braxton,Ho Chi Minh,Quan 2,Thao Dien,Ung Van Khiem,Ho Chi Minh,Quan 5,4,Binh Trung,110000,40000,50000,
240,HCM-2022-00236,2/15/2020,19:10:00,20:10:00,Moto,NTN-192,Nguyen Thi Ngoc,Female,JE-21412,Joel Eaton,Ho Chi Minh,Quan 2,Thao Dien,Nguyen Van Huong,Ho Chi Minh,Quan 1,Cau Kho,Bui Ta Han,120000,50000,70000,
241,HCM-2022-00237,3/24/2021,19:30:00,20:47:00,Moto,DQA-128,Dao Quynh Anh,Female,DK-82142,David Kendrick,Ho Chi Minh,Quan 2,Thao Dien,Ung Van Khiem,Ho Chi Minh,Quan 1,Tan Dinh,Dang Huu Van,140000,50000,70000,
242,HCM-2021-00238,9/2/2020,20:00:00,21:08:00,car,LBH-214,Le Binh Huu,Female,RM-62842,Robert Marley,Ho Chi Minh,Quan 2,Thao Dien,Nguyen Van Huong,Ho Chi Minh,Quan 1,Nguyen Cu Trinh,Nguyen Quy Canh,40000,15000,25000,
243,HCM-2022-00239,9/2/2020,20:30:00,14:22:00,car,HTA-124,Ha Tram Anh,Female,FM-21941,Frank Merwin,Ho Chi Minh,Quan 2,Thach My,Nguyen Thai Hoc,Ho Chi Minh,Quan 1,Cau Kho,Nguyen Trong Quan,100000,50000,50000,
244,HCM-2022-00240,11/16/2021,20:57:00,14:40:00,car,TTT-218,Trinh Thanh Binh,Male,SK-21242,Sally Knutson,Ho Chi Minh,Quan 2,Binh An,Cho Dua,Ho Chi Minh,Quan 1,Ben Nghe,Bui Ta Han,200000,100000,100000,
245,HCM-2021-00241,12/9/2020,14:10:00,15:12:00,car,HNH-812,Ho Ngoc Ha,Male,FM-18231,Frank Merwin,Ho Chi Minh,Quan 2,Binh Khanh ,Hoang Van Thu,Ho Chi Minh,Quan 1,Ben Nghe,Dang Huu Van,40000,15000,25000,
246,HCM-2022-00242,12/9/2020,14:10:00,15:30:00,car,NDP-213,Nguyen Duc Phuc,Male,AM-12192,Alice McCarthy,Ho Chi Minh,Quan 2,Cat Lai,Duy Hoang,Ho Chi Minh,Quan 2,An Khanh,Nguyen Quy Canh,90000,15000,25000,
247,HCM-2021-00243,2/3/2021,14:25:00,19:50:00,Moto,QCT-124,Quach Cong Tuan,Male,MP-21471,Mark Packer,Ho Chi Minh,Quan 2,Thao Dien,Ha Cong Minh,Ho Chi Minh,Quan 2,An Khanh,Ta Hien,100000,50000,50000,
248,HCM-2022-00244,2/3/2021,15:00:00,20:10:00,Moto,TVD-213,Tran Van Dai,Male,CB-12812,Cassandra Brandow,Ho Chi Minh,Quan 2,Thach My,Tran Vi,Ho Chi Minh,Quan 2,An Khanh,Song Hanh,110000,100000,100000,
249,HCM-2022-00245,2/3/2021,15:20:00,20:47:00,Moto,NCK-123,Nguyen Cong Kham,Male,VM-12312,Valerie Mitchum,Ho Chi Minh,Quan 2,Binh An,Duong So 10,Ho Chi Minh,Quan 3,2,Binh Trung,120000,20000,50000,
250,HCM-2022-00246,2/3/2021,17:34:00,21:08:00,Moto,NTN-192,Nguyen Thi Ngoc,Female,FH-12428,Fred Hopkins,Ho Chi Minh,Quan 2,Binh Khanh ,Hoang Son,Ho Chi Minh,Quan 3,2,Bui Ta Han,140000,60000,80000,
251,HCM-2022-00247,11/11/2020,18:10:00,14:22:00,Moto,DQA-128,Dao Quynh Anh,Female,MB-21481,Maria Bertelson,Ho Chi Minh,Quan 2,Cat Lai,Hoang Khai,Ho Chi Minh,Quan 3,4,Dang Huu Van,100000,50000,50000,
252,HCM-2022-00248,9/17/2021,18:30:00,14:40:00,car,LBH-214,Le Binh Huu,Female,BS-12745,Bruce Stewart,Ho Chi Minh,Quan 2,Thao Dien,Ha Cong Minh,Ho Chi Minh,Quan 5,2,Nguyen Quy Canh,200000,90000,100000,
253,HCM-2021-00249,9/17/2021,18:50:00,15:12:00,car,HTA-124,Ha Tram Anh,Female,LC-21742,Logan Currie,Ho Chi Minh,Quan 2,Thach My,Tran Vi,Ho Chi Minh,Quan 5,2,Nguyen Trong Quan,40000,12000,25000,
254,HCM-2022-00250,9/17/2021,19:10:00,15:30:00,car,TTT-218,Trinh Thanh Binh,Male,HK-27123,Heather Kirkland,Ho Chi Minh,Quan 2,Binh An,Duong So 8,Ho Chi Minh,Quan 5,1,Nguyen Duy Hieu,50000,15000,25000,
255,HCM-2022-00251,9/17/2021,19:30:00,19:50:00,car,HNH-812,Ho Ngoc Ha,Male,LR-12741,Laurel Elliston,Ho Chi Minh,Quan 2,Binh Khanh ,Hoang Son,Ho Chi Minh,Quan 5,4,Nguyen Hoang ,60000,20000,30000,
256,HCM-2022-00252,6/25/2020,20:00:00,20:10:00,car,NDP-213,Nguyen Duc Phuc,Male,JH-92712,Joseph Holt,Ho Chi Minh,Quan 2,Cat Lai,Hoang Khai,Ho Chi Minh,Quan 5,2,Binh Minh,70000,10000,50000,
257,HCM-2021-00253,7/30/2021,20:30:00,20:47:00,Moto,QCT-124,Quach Cong Tuan,Male,MS-21467,Michael Stewart,Ho Chi Minh,Quan 3,1,Nguyen Duy Hieu,Ho Chi Minh,Quan 5,4,Bat Nan,80000,15000,25000,
258,HCM-2022-00254,7/30/2021,20:57:00,21:08:00,Moto,TVD-213,Tran Van Dai,Male,DB-2141,Dave Brooks,Ho Chi Minh,Quan 3,1,Nguyen Hoang ,Ho Chi Minh,Quan 1,Cau Kho,Binh Trung,40000,20000,20000,
259,HCM-2022-00255,4/11/2020,14:10:00,14:22:00,Moto,NCK-123,Nguyen Cong Kham,Male,NP-9219,Nora Paige,Ho Chi Minh,Quan 3,1,Binh Minh,Ho Chi Minh,Quan 1,Tan Dinh,Bui Ta Han,50000,15000,25000,
260,HCM-2021-00256,4/11/2020,14:25:00,20:47:00,Moto,NTN-192,Nguyen Thi Ngoc,Female,TT-8216,Ted Trevino,Ho Chi Minh,Quan 3,1,Bat Nan,Ho Chi Minh,Quan 1,Nguyen Cu Trinh,Dang Huu Van,60000,15000,25000,
261,HCM-2021-00257,4/11/2020,15:00:00,21:08:00,Moto,DQA-128,Dao Quynh Anh,Female,EM-21947,Eric Murdock,Ho Chi Minh,Quan 3,2,Binh Trung,Ho Chi Minh,Quan 1,Cau Kho,Nguyen Quy Canh,70000,10000,50000,
262,HCM-2022-00258,4/11/2020,15:20:00,14:22:00,car,LBH-214,Le Binh Huu,Female,RD-83643,Ruben Dartt,Ho Chi Minh,Quan 3,2,Bui Ta Han,Ho Chi Minh,Quan 1,Ben Nghe,Nguyen Trong Quan,80000,30000,30000,
263,HCM-2022-00259,4/11/2020,17:34:00,14:40:00,car,HTA-124,Ha Tram Anh,Female,BM-81274,Becky Martin,Ho Chi Minh,Quan 3,2,Dang Huu Van,Ho Chi Minh,Quan 1,Ben Nghe,Bui Ta Han,90000,15000,50000,
264,HCM-2022-00260,4/11/2020,18:10:00,15:12:00,car,TTT-218,Trinh Thanh Binh,Male,MJ-21481,Max Jones,Ho Chi Minh,Quan 3,2,Nguyen Quy Canh,Ho Chi Minh,Quan 2,An Khanh,Dang Huu Van,100000,30000,50000,
265,HCM-2022-00261,2/27/2021,18:30:00,15:30:00,car,HNH-812,Ho Ngoc Ha,Male,BM-82642,Becky Martin,Ho Chi Minh,Quan 3,2,Nguyen Trong Quan,Ho Chi Minh,Quan 2,Thu Thiem,Nguyen Quy Canh,110000,40000,50000,
266,HCM-2021-00262,9/8/2020,18:50:00,19:50:00,car,NDP-213,Nguyen Duc Phuc,Male,JB-62104,Jennifer Braxton,Ho Chi Minh,Quan 3,3,Nguyen Duy Hieu,Ho Chi Minh,Quan 2,An Phu ,Ta Hien,120000,50000,70000,
267,HCM-2021-00263,9/8/2020,19:10:00,20:10:00,Moto,QCT-124,Quach Cong Tuan,Male,JE-21412,Joel Eaton,Ho Chi Minh,Quan 3,3,Nguyen Hoang ,Ho Chi Minh,Quan 3,2,Song Hanh,140000,50000,70000,
268,HCM-2022-00264,9/8/2020,19:30:00,20:47:00,Moto,TVD-213,Tran Van Dai,Male,DK-82142,David Kendrick,Ho Chi Minh,Quan 3,3,Binh Minh,Ho Chi Minh,Quan 3,1,Dang Huu Van,40000,15000,25000,
269,HCM-2022-00265,5/19/2021,20:00:00,21:08:00,Moto,NCK-123,Nguyen Cong Kham,Male,RM-62842,Robert Marley,Ho Chi Minh,Quan 3,4,Bat Nan,Ho Chi Minh,Quan 3,2,Nguyen Quy Canh,100000,50000,50000,
270,HCM-2022-00266,11/11/2021,20:30:00,14:22:00,Moto,NTN-192,Nguyen Thi Ngoc,Female,FM-21941,Frank Merwin,Ho Chi Minh,Quan 3,4,Binh Trung,Ho Chi Minh,Quan 5,5,Ta Hien,200000,100000,100000,
271,HCM-2021-00267,9/15/2021,20:57:00,14:40:00,Moto,DQA-128,Dao Quynh Anh,Female,SK-21242,Sally Knutson,Ho Chi Minh,Quan 3,4,Bui Ta Han,Ho Chi Minh,Quan 5,2,Song Hanh,40000,15000,25000,
272,HCM-2021-00268,9/15/2021,14:10:00,15:12:00,car,LBH-214,Le Binh Huu,Female,FM-18231,Frank Merwin,Ho Chi Minh,Quan 3,4,Dang Huu Van,Ho Chi Minh,Quan 5,1,Binh Trung,90000,15000,25000,
273,HCM-2022-00269,9/15/2021,14:25:00,15:30:00,car,HTA-124,Ha Tram Anh,Female,AM-12192,Alice McCarthy,Ho Chi Minh,Quan 3,5,Nguyen Quy Canh,Ho Chi Minh,Quan 5,2,Bui Ta Han,100000,50000,50000,
274,HCM-2022-00270,9/15/2021,15:00:00,19:50:00,car,TTT-218,Trinh Thanh Binh,Male,MP-21471,Mark Packer,Ho Chi Minh,Quan 3,5,Nguyen Trong Quan,Ho Chi Minh,Quan 5,1,Dang Huu Van,110000,100000,100000,
275,HCM-2021-00271,7/1/2021,15:20:00,20:10:00,car,HNH-812,Ho Ngoc Ha,Male,CB-12812,Cassandra Brandow,Ho Chi Minh,Quan 3,5,Bui Ta Han,Ho Chi Minh,Quan 5,5,Nguyen Quy Canh,120000,20000,50000,
276,HCM-2021-00272,4/10/2020,17:34:00,20:47:00,car,NDP-213,Nguyen Duc Phuc,Male,VM-12312,Valerie Mitchum,Ho Chi Minh,Quan 3,5,Dang Huu Van,Ho Chi Minh,Quan 1,Cau Kho,Nguyen Trong Quan,140000,60000,80000,
277,HCM-2021-00273,1/6/2021,18:10:00,21:08:00,Moto,QCT-124,Quach Cong Tuan,Male,FH-12428,Fred Hopkins,Ho Chi Minh,Quan 3,6,Nguyen Quy Canh,Ho Chi Minh,Quan 1,Tan Dinh,Nguyen Duy Hieu,100000,50000,50000,
278,HCM-2022-00274,1/6/2021,18:30:00,14:22:00,Moto,TVD-213,Tran Van Dai,Male,MB-21481,Maria Bertelson,Ho Chi Minh,Quan 5,1,Ta Hien,Ho Chi Minh,Quan 1,Nguyen Cu Trinh,Nguyen Hoang ,200000,90000,100000,
279,HCM-2022-00275,1/6/2021,18:50:00,14:40:00,Moto,NCK-123,Nguyen Cong Kham,Male,BS-12745,Bruce Stewart,Ho Chi Minh,Quan 5,1,Song Hanh,Ho Chi Minh,Quan 1,Cau Kho,Binh Minh,40000,12000,25000,
280,HCM-2022-00276,1/6/2021,19:10:00,15:12:00,Moto,NTN-192,Nguyen Thi Ngoc,Female,LC-21742,Logan Currie,Ho Chi Minh,Quan 5,1,Tai Thuan,Ho Chi Minh,Quan 1,Ben Nghe,Bat Nan,50000,15000,25000,
281,HCM-2022-00277,1/6/2021,19:30:00,15:30:00,Moto,DQA-128,Dao Quynh Anh,Female,HK-27123,Heather Kirkland,Ho Chi Minh,Quan 5,1,Thao Dien,Ho Chi Minh,Quan 1,Ben Nghe,Binh Trung,60000,20000,30000,
282,HCM-2021-00278,1/6/2021,20:00:00,19:50:00,car,LBH-214,Le Binh Huu,Female,LR-12741,Laurel Elliston,Ho Chi Minh,Quan 5,1,Thach My Loi,Ho Chi Minh,Quan 2,An Khanh,Bui Ta Han,70000,10000,50000,
283,HCM-2021-00279,1/6/2021,20:30:00,20:10:00,car,HTA-124,Ha Tram Anh,Female,JH-92712,Joseph Holt,Ho Chi Minh,Quan 5,1,Quoc HUong,Ho Chi Minh,Quan 2,Thu Thiem,Dang Huu Van,80000,15000,25000,
284,HCM-2021-00280,9/1/2020,20:57:00,20:47:00,car,TTT-218,Trinh Thanh Binh,Male,MS-21467,Michael Stewart,Ho Chi Minh,Quan 5,2,Giao Hoa,Ho Chi Minh,Quan 2,An Phu ,Nguyen Quy Canh,40000,20000,20000,
285,HCM-2021-00281,9/23/2021,14:10:00,21:08:00,car,HNH-812,Ho Ngoc Ha,Male,DB-2141,Dave Brooks,Ho Chi Minh,Quan 5,2,Ta Hien,Ho Chi Minh,Quan 3,4,Nguyen Trong Quan,50000,15000,25000,
286,HCM-2021-00282,12/15/2020,14:10:00,14:22:00,car,NDP-213,Nguyen Duc Phuc,Male,NP-9219,Nora Paige,Ho Chi Minh,Quan 5,2,Song Hanh,Ho Chi Minh,Quan 3,2,Bat Nan,60000,15000,25000,
287,HCM-2022-00283,12/28/2021,14:25:00,20:47:00,Moto,QCT-124,Quach Cong Tuan,Male,TT-8216,Ted Trevino,Ho Chi Minh,Quan 5,2,Tai Thuan,Ho Chi Minh,Quan 3,1,Binh Trung,70000,10000,50000,
288,HCM-2022-00284,12/28/2021,15:00:00,21:08:00,Moto,TVD-213,Tran Van Dai,Male,EM-21947,Eric Murdock,Ho Chi Minh,Quan 5,2,Thao Dien,Ho Chi Minh,Quan 5,1,Bui Ta Han,80000,30000,30000,
289,HCM-2022-00285,12/19/2020,15:20:00,14:22:00,Moto,NCK-123,Nguyen Cong Kham,Male,RD-83643,Ruben Dartt,Ho Chi Minh,Quan 5,3,Thach My Loi,Ho Chi Minh,Quan 5,2,Dang Huu Van,90000,15000,50000,
290,HCM-2021-00286,12/19/2020,17:34:00,14:40:00,Moto,NTN-192,Nguyen Thi Ngoc,Female,BM-81274,Becky Martin,Ho Chi Minh,Quan 5,3,Quoc HUong,Ho Chi Minh,Quan 5,3,Nguyen Quy Canh,100000,30000,50000,
291,HCM-2021-00287,12/19/2020,18:10:00,15:12:00,Moto,DQA-128,Dao Quynh Anh,Female,MJ-21481,Max Jones,Ho Chi Minh,Quan 5,3,Giao Hoa,Ho Chi Minh,Quan 5,2,Nguyen Trong Quan,110000,40000,50000,
292,HCM-2022-00288,11/5/2021,18:30:00,15:30:00,car,LBH-214,Le Binh Huu,Female,BM-82642,Becky Martin,Ho Chi Minh,Quan 5,3,Thach My Loi,Ho Chi Minh,Quan 5,1,Bui Ta Han,120000,50000,70000,
293,HCM-2022-00289,9/10/2020,18:50:00,19:50:00,car,HTA-124,Ha Tram Anh,Female,JB-62104,Jennifer Braxton,Ho Chi Minh,Quan 5,4,Quoc HUong,Ho Chi Minh,Quan 5,3,Dang Huu Van,140000,50000,70000,
294,HCM-2022-00290,11/16/2020,19:10:00,20:10:00,car,TTT-218,Trinh Thanh Binh,Male,JE-21412,Joel Eaton,Ho Chi Minh,Quan 5,4,Giao Hoa,Ho Chi Minh,Quan 1,Cau Kho,Nguyen Quy Canh,40000,15000,25000,
295,HCM-2021-00291,9/11/2021,19:30:00,20:47:00,car,HNH-812,Ho Ngoc Ha,Male,DK-82142,David Kendrick,Ho Chi Minh,Quan 5,4,Ta Hien,Ho Chi Minh,Quan 1,Tan Dinh,Ta Hien,100000,50000,50000,
296,HCM-2022-00292,9/11/2021,20:00:00,21:08:00,car,NDP-213,Nguyen Duc Phuc,Male,RM-62842,Robert Marley,Ho Chi Minh,Quan 5,4,Song Hanh,Ho Chi Minh,Quan 1,Nguyen Cu Trinh,Song Hanh,200000,100000,100000,
297,HCM-2021-00293,9/11/2021,20:30:00,14:22:00,Moto,QCT-124,Quach Cong Tuan,Male,FM-21941,Frank Merwin,Ho Chi Minh,Quan 5,5,Tai Thuan,Ho Chi Minh,Quan 1,Cau Kho,Dang Huu Van,40000,15000,25000,
298,HCM-2022-00294,7/14/2021,20:57:00,14:40:00,Moto,TVD-213,Tran Van Dai,Male,SK-21242,Sally Knutson,Ho Chi Minh,Quan 5,5,Thao Dien,Ho Chi Minh,Quan 1,Ben Nghe,Nguyen Quy Canh,90000,15000,25000,
299,HCM-2021-00295,7/14/2021,14:10:00,15:12:00,Moto,NCK-123,Nguyen Cong Kham,Male,FM-18231,Frank Merwin,Ho Chi Minh,Quan 5,5,Thach My Loi,Ho Chi Minh,Quan 1,Ben Nghe,Ta Hien,100000,50000,50000,
300,HCM-2022-00296,7/14/2021,14:25:00,15:30:00,Moto,NTN-192,Nguyen Thi Ngoc,Female,AM-12192,Alice McCarthy,Ho Chi Minh,Quan 5,5,Quoc HUong,Ho Chi Minh,Quan 2,An Khanh,Song Hanh,110000,100000,100000,
301,HCM-2021-00297,7/14/2021,15:00:00,19:50:00,Moto,DQA-128,Dao Quynh Anh,Female,MP-21471,Mark Packer,Ho Chi Minh,Quan 5,6,Giao Hoa,Ho Chi Minh,Quan 2,Thu Thiem,Binh Trung,120000,20000,50000,
302,HCM-2021-00298,7/14/2021,15:20:00,20:10:00,car,LBH-214,Le Binh Huu,Female,CB-12812,Cassandra Brandow,Ho Chi Minh,Quan 5,6,Ta Hien,Ho Chi Minh,Quan 2,An Phu ,Bui Ta Han,140000,60000,80000,
303,HCM-2022-00299,7/14/2021,17:34:00,20:47:00,car,HTA-124,Ha Tram Anh,Female,VM-12312,Valerie Mitchum,Ho Chi Minh,Quan 5,6,Song Hanh,Ho Chi Minh,Quan 3,2,Dang Huu Van,100000,50000,50000,
304,HCM-2021-00300,7/14/2021,18:10:00,21:08:00,car,TTT-218,Trinh Thanh Binh,Male,FH-12428,Fred Hopkins,Ho Chi Minh,Quan 5,6,Tai Thuan,Ho Chi Minh,Quan 3,11,Nguyen Quy Canh,200000,90000,100000,
305,HCM-2021-00301,3/30/2021,18:30:00,14:22:00,car,HNH-812,Ho Ngoc Ha,Male,MB-21481,Maria Bertelson,Ho Chi Minh,Quan 5,7,Thao Dien,Ho Chi Minh,Quan 3,2,Nguyen Trong Quan,40000,12000,25000,
306,HCM-2021-00302,3/30/2021,18:50:00,14:40:00,car,NDP-213,Nguyen Duc Phuc,Male,BS-12745,Bruce Stewart,Ho Chi Minh,Quan 5,7,Thach My Loi,Ho Chi Minh,Quan 5,1,Nguyen Duy Hieu,50000,15000,25000,
307,HCM-2022-00303,1/31/2021,19:10:00,15:12:00,Moto,QCT-124,Quach Cong Tuan,Male,LC-21742,Logan Currie,Ho Chi Minh,Quan 5,7,Quoc HUong,Ho Chi Minh,Quan 5,4,Nguyen Hoang ,60000,20000,30000,
308,HCM-2021-00304,6/8/2021,19:30:00,15:30:00,Moto,TVD-213,Tran Van Dai,Male,HK-27123,Heather Kirkland,Ho Chi Minh,Quan 5,8,Giao Hoa,Ho Chi Minh,Quan 5,2,Binh Minh,70000,10000,50000,
309,HCM-2022-00305,11/2/2020,20:00:00,19:50:00,Moto,NCK-123,Nguyen Cong Kham,Male,LR-12741,Laurel Elliston,Ho Chi Minh,Quan 5,8,Thach My Loi,Ho Chi Minh,Quan 5,2,Bat Nan,80000,15000,25000,
310,HCM-2022-00306,11/2/2020,20:30:00,20:10:00,Moto,NTN-192,Nguyen Thi Ngoc,Female,JH-92712,Joseph Holt,Ho Chi Minh,Quan 5,8,Quoc HUong,Ho Chi Minh,Quan 5,4,Binh Trung,40000,20000,20000,
311,HCM-2021-00307,7/14/2021,20:57:00,20:47:00,Moto,DQA-128,Dao Quynh Anh,Female,MS-21467,Michael Stewart,Ho Chi Minh,Quan 5,8,Giao Hoa,Ho Chi Minh,Quan 5,1,Bui Ta Han,50000,15000,25000,
312,HCM-2022-00308,7/14/2021,14:10:00,21:08:00,car,LBH-214,Le Binh Huu,Female,MS-21467,Michael Stewart,Ho Chi Minh,Quan 5,8,Ta Hien,Ho Chi Minh,Quan 5,1,Dang Huu Van,60000,15000,25000,
,,,,,,,,,,,,,,,,,,,,,,
,,,,,,,,,,,,,,,,,,,,,,
,,,,,,,,,,,,,,,,,,,,,,
,,,,,,,,,,,,,,,,,,,,,,
,,,,,,,,,,,,,,,,,,,,,,
,,,,,,,,,,,,,,,,,,,,,,
,,,,,,,,,,,,,,,,,,,,,,
,,,,,,,,,,,,,,,,,,,,,,
,,,,,,,,,,,,,,,,,,,,,,
,,,,,,,,,,,,,,,,,,,,,,
,,,,,,,,,,,,,,,,,,,,,,
,,,,,,,,,,,,,,,,,,,,,,
,,,,,,,,,,,,,,,,,,,,,,
,,,,,,,,,,,,,,,,,,,,,,
,,,,,,,,,,,,,,,,,,,,,,
,,,,,,,,,,,,,,,,,,,,,,
,,,,,,,,,,,,,,,,,,,,,,
,,,,,,,,,,,,,,,,,,,,,,
,,,,,,,,,,,,,,,,,,,,,,
,,,,,,,,,,,,,,,,,,,,,,
,,,,,,,,,,,,,,,,,,,,,,
,,,,,,,,,,,,,,,,,,,,,,
,,,,,,,,,,,,,,,,,,,,,,
,,,,,,,,,,,,,,,,,,,,,,
,,,,,,,,,,,,,,,,,,,,,,
,,,,,,,,,,,,,,,,,,,,,,
,,,,,,,,,,,,,,,,,,,,,,
,,,,,,,,,,,,,,,,,,,,,,
,,,,,,,,,,,,,,,,,,,,,,
,,,,,,,,,,,,,,,,,,,,,,
,,,,,,,,,,,,,,,,,,,,,,
,,,,,,,,,,,,,,,,,,,,,,
,,,,,,,,,,,,,,,,,,,,,,
,,,,,,,,,,,,,,,,,,,,,,
,,,,,,,,,,,,,,,,,,,,,,
,,,,,,,,,,,,,,,,,,,,,,
,,,,,,,,,,,,,,,,,,,,,,
,,,,,,,,,,,,,,,,,,,,,,
,,,,,,,,,,,,,,,,,,,,,,
,,,,,,,,,,,,,,,,,,,,,,
,,,,,,,,,,,,,,,,,,,,,,
,,,,,,,,,,,,,,,,,,,,,,
,,,,,,,,,,,,,,,,,,,,,,
,,,,,,,,,,,,,,,,,,,,,,
,,,,,,,,,,,,,,,,,,,,,,
,,,,,,,,,,,,,,,,,,,,,,
,,,,,,,,,,,,,,,,,,,,,,
,,,,,,,,,,,,,,,,,,,,,,
,,,,,,,,,,,,,,,,,,,,,,
,,,,,,,,,,,,,,,,,,,,,,
